roll_no,branch,admission_year,current_year,semester,regulation,attendance_percentage,gpa,ise_marks,mse_marks,ese_marks,assignment_completion_percentage,earned_credits,expected_credits,failed_subjects,failed_heads,ese_failed_heads,previous_backlogs,tw_marks,pr_or_marks,is_dse,activity_points,course_code,course_name,credits
CS2401001,Computer Science,2024,1,1,R24,95,8.5,17,18,52,90,28,30,0,0,0,0,23,24,0,30,CS101,Data Structures,4
CS2401001,Computer Science,2024,1,1,R24,95,8.5,18,17,50,90,28,30,0,0,0,0,22,23,0,30,CS102,Discrete Mathematics,4
CS2401001,Computer Science,2024,1,1,R24,95,8.5,16,16,48,90,28,30,0,0,0,0,21,22,0,30,CS103,Computer Architecture,3
CS2401002,Computer Science,2022,2,3,R19,65,5.2,11,10,32,60,22,30,2,3,2,0,16,15,0,40,,,,
CS2401003,Computer Science,2022,2,3,R19,80,7.0,15,14,43,85,28,30,0,0,0,0,20,21,0,55,,,,
CS2401004,Computer Science,2021,2,4,R19,50,4.1,8,7,27,45,14,30,3,6,4,2,12,11,0,35,,,,
CS2401005,Computer Science,2022,2,3,R19,88,7.9,16,16,47,80,26,30,0,0,0,0,22,23,0,60,,,,
CS2401006,Computer Science,2021,3,5,R19,92,8.0,17,17,48,88,58,60,0,0,0,0,23,22,0,80,,,,
CS2401007,Computer Science,2021,3,5,R19,60,5.5,12,11,33,65,42,60,2,4,2,3,17,16,0,45,,,,
CS2401008,Computer Science,2021,3,5,R19,72,6.0,13,12,37,70,50,60,1,2,1,0,19,18,0,55,,,,
ME2401011,Mechanical Engineering,2024,1,2,R24,82,6.8,14,13,41,76,20,24,1,1,0,0,19,20,0,25,,,,
ME2401012,Mechanical Engineering,2024,1,2,R24,90,7.5,16,15,45,85,24,24,0,0,0,0,22,21,0,30,,,,
ME2401014,Mechanical Engineering,2022,2,4,R19,55,4.5,9,8,28,42,28,48,4,7,4,1,13,12,0,40,,,,
EC2401021,Electronics & Telecom,2024,1,1,R24,94,8.2,17,16,50,92,24,24,0,0,0,0,23,22,0,20,,,,
EC2401026,Electronics & Telecom,2022,3,5,R19,48,3.8,7,6,25,38,38,60,5,9,6,5,10,9,0,30,,,,
