student_id,roll_no,semester,course_code,course_name,credits,ise_marks,mse_marks,ese_marks,tw_marks,pr_or_marks,total_marks,grade,grade_point,is_failed,is_ese_failed,attendance_percentage,grace_marks,ordinance_applied
1,CS2401001,1,FE101,Engineering Mathematics - I,4,15.9,15.1,46.0,19.8,,77.0,A,9.0,False,False,95.7,0.0,
1,CS2401001,1,FE102,Engineering Physics - I,3,10.7,10.2,31.1,13.4,13.4,52.0,D,6.0,False,False,86.2,0.0,
1,CS2401001,1,FE103,Engineering Chemistry - I,3,15.0,14.3,43.6,18.8,,72.9,B,8.0,False,False,86.1,0.0,
1,CS2401001,1,FE104,Engineering Mechanics,4,14.8,14.1,43.0,18.5,18.5,71.9,B,8.0,False,False,89.2,0.0,
1,CS2401001,1,FE105,Basic Electrical & Electronics (BEE),4,10.6,10.0,30.7,13.2,13.2,51.3,D,6.0,False,False,93.5,0.0,
1,CS2401001,1,FE106,Basic Workshop Practice - I,1,13.2,12.6,38.3,33.1,,64.1,C,7.0,False,False,87.3,0.0,
1,CS2401001,2,FE201,Engineering Mathematics - II,4,12.6,12.0,36.6,15.8,,61.2,C,7.0,False,False,83.8,0.0,
1,CS2401001,2,FE202,Engineering Physics - II,3,10.3,9.7,29.7,12.8,12.8,49.7,P,4.0,False,False,88.5,0.0,
1,CS2401001,2,FE203,Engineering Chemistry - II,3,10.4,9.9,30.1,13.0,,50.4,D,6.0,False,False,91.1,0.0,
1,CS2401001,2,FE204,Engineering Graphics & Design,3,10.4,9.9,30.3,26.1,13.0,50.6,D,6.0,False,False,92.7,0.0,
1,CS2401001,2,FE205,C Programming & Problem Solving,3,12.6,12.0,36.7,15.8,15.8,61.3,C,7.0,False,False,85.0,0.0,
1,CS2401001,2,FE206,Professional Communication - I,2,14.1,13.4,40.8,17.6,,68.3,C,7.0,False,False,82.7,0.0,
1,CS2401001,3,CS301,Engineering Mathematics - III,4,8.4,8.0,24.4,10.5,,40.8,P,4.0,False,False,89.5,0.0,
1,CS2401001,3,CS302,Data Structures & Algorithms,4,9.4,8.9,27.2,11.7,11.7,45.5,P,4.0,False,False,86.7,0.0,
1,CS2401001,3,CS303,Digital Logic & Computer Architecture,3,11.9,11.3,34.4,14.8,,57.6,D,6.0,False,False,78.4,0.0,
1,CS2401001,3,CS304,Object Oriented Programming with Java,3,10.8,10.3,31.4,13.5,13.5,52.5,D,6.0,False,False,78.3,0.0,
1,CS2401001,3,CS305,Principles of Communication,3,11.6,11.0,33.6,14.5,,56.2,D,6.0,False,False,84.2,0.0,
2,CS2401002,1,FE101,Engineering Mathematics - I,4,11.4,10.8,33.0,14.2,,55.2,D,6.0,False,False,73.7,0.0,
2,CS2401002,1,FE102,Engineering Physics - I,3,13.7,13.0,39.8,17.1,17.1,66.5,C,7.0,False,False,79.6,0.0,
2,CS2401002,1,FE103,Engineering Chemistry - I,3,14.1,13.4,40.9,17.6,,68.4,C,7.0,False,False,77.2,0.0,
2,CS2401002,1,FE104,Engineering Mechanics,4,14.6,13.9,42.3,18.2,18.2,70.8,B,8.0,False,False,75.2,0.0,
2,CS2401002,1,FE105,Basic Electrical & Electronics (BEE),4,12.7,12.1,36.8,15.9,15.9,61.6,C,7.0,False,False,78.3,0.0,
2,CS2401002,1,FE106,Basic Workshop Practice - I,1,12.9,12.3,37.5,32.3,,62.7,C,7.0,False,False,72.2,0.0,
2,CS2401002,2,FE201,Engineering Mathematics - II,4,16.5,15.7,48.0,20.7,,80.2,O,10.0,False,False,89.3,0.0,
2,CS2401002,2,FE202,Engineering Physics - II,3,13.7,13.0,39.7,17.1,17.1,66.4,C,7.0,False,False,91.3,0.0,
2,CS2401002,2,FE203,Engineering Chemistry - II,3,12.1,11.5,35.1,15.1,,58.7,D,6.0,False,False,90.3,0.0,
2,CS2401002,2,FE204,Engineering Graphics & Design,3,13.3,12.6,38.5,33.2,16.6,64.4,C,7.0,False,False,85.1,0.0,
2,CS2401002,2,FE205,C Programming & Problem Solving,3,13.5,12.8,39.2,16.9,16.9,65.5,C,7.0,False,False,82.2,0.0,
2,CS2401002,2,FE206,Professional Communication - I,2,16.6,15.7,48.0,20.7,,80.3,O,10.0,False,False,82.2,0.0,
2,CS2401002,3,CS301,Engineering Mathematics - III,4,11.9,11.3,34.4,14.8,,57.6,D,6.0,False,False,72.0,0.0,
2,CS2401002,3,CS302,Data Structures & Algorithms,4,12.4,11.8,36.0,15.5,15.5,60.2,C,7.0,False,False,73.7,0.0,
2,CS2401002,3,CS303,Digital Logic & Computer Architecture,3,10.6,10.1,30.8,13.3,,51.5,D,6.0,False,False,75.5,0.0,
2,CS2401002,3,CS304,Object Oriented Programming with Java,3,13.4,12.8,39.0,16.8,16.8,65.2,C,7.0,False,False,70.6,0.0,
2,CS2401002,3,CS305,Principles of Communication,3,13.7,13.0,39.7,17.1,,66.4,C,7.0,False,False,71.2,0.0,
3,CS2401003,1,FE101,Engineering Mathematics - I,4,16.7,15.9,48.5,20.9,,81.1,O,10.0,False,False,90.3,0.0,
3,CS2401003,1,FE102,Engineering Physics - I,3,15.6,14.8,45.3,19.5,19.5,75.7,A,9.0,False,False,91.4,0.0,
3,CS2401003,1,FE103,Engineering Chemistry - I,3,16.1,15.3,46.8,20.2,,78.2,A,9.0,False,False,88.8,0.0,
3,CS2401003,1,FE104,Engineering Mechanics,4,16.5,15.7,47.8,20.6,20.6,80.0,O,10.0,False,False,88.7,0.0,
3,CS2401003,1,FE105,Basic Electrical & Electronics (BEE),4,17.5,16.6,50.8,21.9,21.9,84.9,O,10.0,False,False,95.9,0.0,
3,CS2401003,1,FE106,Basic Workshop Practice - I,1,15.7,14.9,45.6,39.3,,76.2,A,9.0,False,False,88.8,0.0,
3,CS2401003,2,FE201,Engineering Mathematics - II,4,15.2,14.4,44.0,19.0,,73.6,B,8.0,False,False,84.1,0.0,
3,CS2401003,2,FE202,Engineering Physics - II,3,11.7,11.1,33.9,14.6,14.6,56.7,D,6.0,False,False,93.3,0.0,
3,CS2401003,2,FE203,Engineering Chemistry - II,3,11.8,11.2,34.1,14.7,,57.1,D,6.0,False,False,86.9,0.0,
3,CS2401003,2,FE204,Engineering Graphics & Design,3,12.8,12.2,37.2,32.1,16.0,62.2,C,7.0,False,False,83.4,0.0,
3,CS2401003,2,FE205,C Programming & Problem Solving,3,16.4,15.6,47.6,20.5,20.5,79.6,A,9.0,False,False,92.2,0.0,
3,CS2401003,2,FE206,Professional Communication - I,2,11.3,10.7,32.6,14.1,,54.6,D,6.0,False,False,92.9,0.0,
3,CS2401003,3,CS301,Engineering Mathematics - III,4,14.3,13.6,41.6,17.9,,69.5,C,7.0,False,False,60.7,0.0,
3,CS2401003,3,CS302,Data Structures & Algorithms,4,13.4,12.8,39.0,16.8,16.8,65.2,C,7.0,False,False,63.0,0.0,
3,CS2401003,3,CS303,Digital Logic & Computer Architecture,3,11.3,10.8,32.9,14.2,,55.0,D,6.0,False,False,62.4,0.0,
3,CS2401003,3,CS304,Object Oriented Programming with Java,3,13.2,12.6,38.4,16.5,16.5,64.2,C,7.0,False,False,71.6,0.0,
3,CS2401003,3,CS305,Principles of Communication,3,11.1,10.5,32.1,13.8,,53.7,D,6.0,False,False,66.4,0.0,
4,CS2401004,1,FE101,Engineering Mathematics - I,4,15.5,14.7,44.9,19.4,,75.1,A,9.0,False,False,88.4,0.0,
4,CS2401004,1,FE102,Engineering Physics - I,3,12.7,12.1,36.9,15.9,15.9,61.7,C,7.0,False,False,82.7,0.0,
4,CS2401004,1,FE103,Engineering Chemistry - I,3,11.5,11.0,33.5,14.4,,56.0,D,6.0,False,False,82.7,0.0,
4,CS2401004,1,FE104,Engineering Mechanics,4,15.5,14.8,45.0,19.4,19.4,75.3,A,9.0,False,False,88.1,0.0,
4,CS2401004,1,FE105,Basic Electrical & Electronics (BEE),4,10.6,10.0,30.6,13.2,13.2,51.2,D,6.0,False,False,82.1,0.0,
4,CS2401004,1,FE106,Basic Workshop Practice - I,1,14.6,13.8,42.3,36.4,,70.7,B,8.0,False,False,86.3,0.0,
4,CS2401004,2,FE201,Engineering Mathematics - II,4,14.6,13.9,42.3,18.2,,70.8,B,8.0,False,False,87.4,0.0,
4,CS2401004,2,FE202,Engineering Physics - II,3,14.4,13.6,41.6,17.9,17.9,69.6,C,7.0,False,False,85.8,0.0,
4,CS2401004,2,FE203,Engineering Chemistry - II,3,12.9,12.3,37.5,16.2,,62.7,C,7.0,False,False,85.9,0.0,
4,CS2401004,2,FE204,Engineering Graphics & Design,3,17.8,16.9,51.6,44.4,22.2,86.3,O,10.0,False,False,84.3,0.0,
4,CS2401004,2,FE205,C Programming & Problem Solving,3,18.7,17.8,54.2,23.4,23.4,90.7,O,10.0,False,False,86.0,0.0,
4,CS2401004,2,FE206,Professional Communication - I,2,18.3,17.4,53.1,22.9,,88.8,O,10.0,False,False,88.4,0.0,
4,CS2401004,3,CS301,Engineering Mathematics - III,4,15.2,14.5,44.1,19.0,,73.8,B,8.0,False,False,74.7,0.0,
4,CS2401004,3,CS302,Data Structures & Algorithms,4,15.1,14.3,43.8,18.9,18.9,73.2,B,8.0,False,False,73.6,0.0,
4,CS2401004,3,CS303,Digital Logic & Computer Architecture,3,12.4,11.7,35.8,15.4,,59.9,D,6.0,False,False,75.2,0.0,
4,CS2401004,3,CS304,Object Oriented Programming with Java,3,13.3,12.7,38.6,16.7,16.7,64.6,C,7.0,False,False,80.6,0.0,
4,CS2401004,3,CS305,Principles of Communication,3,13.0,12.3,37.6,16.2,,62.9,C,7.0,False,False,74.3,0.0,
5,CS2401005,1,FE101,Engineering Mathematics - I,4,14.3,13.6,41.4,17.8,,69.3,C,7.0,False,False,75.1,0.0,
5,CS2401005,1,FE102,Engineering Physics - I,3,12.1,11.5,35.2,15.2,15.2,58.8,D,6.0,False,False,77.9,0.0,
5,CS2401005,1,FE103,Engineering Chemistry - I,3,13.6,12.9,39.3,16.9,,65.8,C,7.0,False,False,76.8,0.0,
5,CS2401005,1,FE104,Engineering Mechanics,4,10.1,9.6,29.2,12.6,12.6,48.9,P,4.0,False,False,76.0,0.0,
5,CS2401005,1,FE105,Basic Electrical & Electronics (BEE),4,13.6,12.9,39.4,17.0,17.0,65.9,C,7.0,False,False,82.5,0.0,
5,CS2401005,1,FE106,Basic Workshop Practice - I,1,10.4,9.9,30.1,26.0,,50.4,D,6.0,False,False,73.7,0.0,
5,CS2401005,2,FE201,Engineering Mathematics - II,4,14.4,13.6,41.6,18.0,,69.6,C,7.0,False,False,82.4,0.0,
5,CS2401005,2,FE202,Engineering Physics - II,3,16.7,15.9,48.5,20.9,20.9,81.1,O,10.0,False,False,82.2,0.0,
5,CS2401005,2,FE203,Engineering Chemistry - II,3,18.1,17.2,52.6,22.7,,87.9,O,10.0,False,False,87.2,0.0,
5,CS2401005,2,FE204,Engineering Graphics & Design,3,12.3,11.7,35.8,30.8,15.4,59.8,D,6.0,False,False,87.2,0.0,
5,CS2401005,2,FE205,C Programming & Problem Solving,3,14.4,13.7,41.9,18.0,18.0,70.0,B,8.0,False,False,83.1,0.0,
5,CS2401005,2,FE206,Professional Communication - I,2,12.2,11.6,35.5,15.3,,59.3,D,6.0,False,False,81.3,0.0,
5,CS2401005,3,CS301,Engineering Mathematics - III,4,12.9,12.2,37.3,16.1,,62.4,C,7.0,False,False,64.5,0.0,
5,CS2401005,3,CS302,Data Structures & Algorithms,4,10.9,10.3,31.6,13.6,13.6,52.8,D,6.0,False,False,61.2,0.0,
5,CS2401005,3,CS303,Digital Logic & Computer Architecture,3,12.5,11.9,36.4,15.7,,60.8,C,7.0,False,False,61.4,0.0,
5,CS2401005,3,CS304,Object Oriented Programming with Java,3,10.2,9.7,29.7,12.8,12.8,49.6,P,4.0,False,False,62.0,0.0,
5,CS2401005,3,CS305,Principles of Communication,3,11.0,10.5,32.0,13.8,,53.5,D,6.0,False,False,55.0,0.0,
6,CS2401006,1,FE101,Engineering Mathematics - I,4,12.8,12.1,37.0,16.0,,61.9,C,7.0,False,False,75.6,0.0,
6,CS2401006,1,FE102,Engineering Physics - I,3,17.2,16.3,49.8,21.4,21.4,83.3,O,10.0,False,False,74.7,0.0,
6,CS2401006,1,FE103,Engineering Chemistry - I,3,17.7,16.8,51.3,22.1,,85.8,O,10.0,False,False,78.0,0.0,
6,CS2401006,1,FE104,Engineering Mechanics,4,14.7,13.9,42.6,18.4,18.4,71.2,B,8.0,False,False,78.0,0.0,
6,CS2401006,1,FE105,Basic Electrical & Electronics (BEE),4,15.4,14.7,44.8,19.3,19.3,74.9,B,8.0,False,False,76.2,0.0,
6,CS2401006,1,FE106,Basic Workshop Practice - I,1,17.7,16.8,51.3,44.2,,85.8,O,10.0,False,False,70.3,0.0,
6,CS2401006,2,FE201,Engineering Mathematics - II,4,10.7,10.2,31.0,13.4,,51.9,D,6.0,False,False,85.5,0.0,
6,CS2401006,2,FE202,Engineering Physics - II,3,11.2,10.6,32.3,13.9,13.9,54.1,D,6.0,False,False,90.8,0.0,
6,CS2401006,2,FE203,Engineering Chemistry - II,3,9.9,9.4,28.7,12.4,,48.0,P,4.0,False,False,84.5,0.0,
6,CS2401006,2,FE204,Engineering Graphics & Design,3,11.2,10.6,32.4,28.0,14.0,54.2,D,6.0,False,False,89.5,0.0,
6,CS2401006,2,FE205,C Programming & Problem Solving,3,10.3,9.7,29.8,12.8,12.8,49.8,P,4.0,False,False,87.5,0.0,
6,CS2401006,2,FE206,Professional Communication - I,2,12.5,11.8,36.1,15.6,,60.4,C,7.0,False,False,94.0,0.0,
6,CS2401006,3,CS301,Engineering Mathematics - III,4,12.8,12.2,37.2,16.1,,62.2,C,7.0,False,False,92.4,0.0,
6,CS2401006,3,CS302,Data Structures & Algorithms,4,16.2,15.4,47.0,20.3,20.3,78.6,A,9.0,False,False,91.0,0.0,
6,CS2401006,3,CS303,Digital Logic & Computer Architecture,3,11.1,10.6,32.3,13.9,,54.0,D,6.0,False,False,82.8,0.0,
6,CS2401006,3,CS304,Object Oriented Programming with Java,3,12.4,11.8,36.1,15.5,15.5,60.3,C,7.0,False,False,82.1,0.0,
6,CS2401006,3,CS305,Principles of Communication,3,14.6,13.9,42.3,18.2,,70.8,B,8.0,False,False,85.9,0.0,
6,CS2401006,4,CS401,Engineering Mathematics - IV,4,17.5,16.6,50.7,21.8,,84.8,O,10.0,False,False,84.9,0.0,
6,CS2401006,4,CS402,Analysis of Algorithms,4,14.5,13.8,42.1,18.1,18.1,70.4,B,8.0,False,False,77.0,0.0,
6,CS2401006,4,CS403,Database Management Systems,4,14.3,13.6,41.5,17.9,17.9,69.4,C,7.0,False,False,83.2,0.0,
6,CS2401006,4,CS404,Operating Systems,3,12.0,11.4,34.7,15.0,15.0,58.1,D,6.0,False,False,85.6,0.0,
6,CS2401006,4,CS405,Microprocessor & Embedded Systems,3,18.5,17.6,53.8,23.2,,89.9,O,10.0,False,False,79.9,0.0,
6,CS2401006,5,CS501,Theoretical Computer Science & Automata,4,9.5,9.0,27.5,11.9,,46.0,P,4.0,False,False,64.5,0.0,
6,CS2401006,5,CS502,Software Engineering & Agile,3,10.4,9.8,30.0,12.9,,50.2,D,6.0,False,False,64.7,0.0,
6,CS2401006,5,CS503,Computer Networks & Security,4,11.8,11.2,34.1,14.7,14.7,57.1,D,6.0,False,False,63.5,0.0,
6,CS2401006,5,CS504,Data Warehousing & Mining,3,11.1,10.5,32.1,13.9,13.9,53.7,D,6.0,False,False,68.7,0.0,
6,CS2401006,5,CS505,Professional Ethics & Indian Constitution,2,9.4,8.9,27.2,11.7,,45.5,P,4.0,False,False,63.0,0.0,
7,CS2401007,1,FE101,Engineering Mathematics - I,4,16.1,15.3,46.6,20.1,,78.0,A,9.0,False,False,85.7,0.0,
7,CS2401007,1,FE102,Engineering Physics - I,3,11.6,11.0,33.7,14.5,14.5,56.3,D,6.0,False,False,89.0,0.0,
7,CS2401007,1,FE103,Engineering Chemistry - I,3,14.3,13.6,41.6,17.9,,69.5,C,7.0,False,False,89.6,0.0,
7,CS2401007,1,FE104,Engineering Mechanics,4,16.0,15.2,46.4,20.0,20.0,77.6,A,9.0,False,False,93.0,0.0,
7,CS2401007,1,FE105,Basic Electrical & Electronics (BEE),4,14.2,13.5,41.3,17.8,17.8,69.0,C,7.0,False,False,95.1,0.0,
7,CS2401007,1,FE106,Basic Workshop Practice - I,1,13.2,12.5,38.2,32.9,,63.9,C,7.0,False,False,85.3,0.0,
7,CS2401007,2,FE201,Engineering Mathematics - II,4,10.7,10.2,31.0,13.4,,51.9,D,6.0,False,False,89.9,0.0,
7,CS2401007,2,FE202,Engineering Physics - II,3,11.4,10.8,33.0,14.2,14.2,55.2,D,6.0,False,False,86.0,0.0,
7,CS2401007,2,FE203,Engineering Chemistry - II,3,12.9,12.3,37.5,16.2,,62.7,C,7.0,False,False,81.7,0.0,
7,CS2401007,2,FE204,Engineering Graphics & Design,3,14.2,13.5,41.2,35.5,17.8,68.9,C,7.0,False,False,93.1,0.0,
7,CS2401007,2,FE205,C Programming & Problem Solving,3,15.5,14.7,44.8,19.3,19.3,75.0,A,9.0,False,False,90.1,0.0,
7,CS2401007,2,FE206,Professional Communication - I,2,11.8,11.2,34.3,14.8,,57.3,D,6.0,False,False,92.7,0.0,
7,CS2401007,3,CS301,Engineering Mathematics - III,4,13.6,13.0,39.6,17.1,,66.2,C,7.0,False,False,82.2,0.0,
7,CS2401007,3,CS302,Data Structures & Algorithms,4,15.0,14.3,43.5,18.8,18.8,72.8,B,8.0,False,False,81.7,0.0,
7,CS2401007,3,CS303,Digital Logic & Computer Architecture,3,15.7,14.9,45.6,19.6,,76.2,A,9.0,False,False,77.0,0.0,
7,CS2401007,3,CS304,Object Oriented Programming with Java,3,16.1,15.3,46.8,20.2,20.2,78.2,A,9.0,False,False,79.6,0.0,
7,CS2401007,3,CS305,Principles of Communication,3,16.9,16.1,49.0,21.1,,82.0,O,10.0,False,False,80.6,0.0,
7,CS2401007,4,CS401,Engineering Mathematics - IV,4,15.1,14.3,43.7,18.8,,73.1,B,8.0,False,False,74.1,0.0,
7,CS2401007,4,CS402,Analysis of Algorithms,4,17.0,16.2,49.3,21.3,21.3,82.5,O,10.0,False,False,76.0,0.0,
7,CS2401007,4,CS403,Database Management Systems,4,15.3,14.5,44.4,19.1,19.1,74.2,B,8.0,False,False,79.4,0.0,
7,CS2401007,4,CS404,Operating Systems,3,17.3,16.4,50.1,21.6,21.6,83.8,O,10.0,False,False,73.6,0.0,
7,CS2401007,4,CS405,Microprocessor & Embedded Systems,3,12.5,11.9,36.3,15.6,,60.7,C,7.0,False,False,79.8,0.0,
7,CS2401007,5,CS501,Theoretical Computer Science & Automata,4,11.2,10.7,32.6,14.0,,54.5,D,6.0,False,False,61.8,0.0,
7,CS2401007,5,CS502,Software Engineering & Agile,3,9.7,9.2,28.1,12.1,,47.0,P,4.0,False,False,63.2,0.0,
7,CS2401007,5,CS503,Computer Networks & Security,4,8.5,8.0,24.5,10.6,10.6,41.0,P,4.0,False,False,69.3,0.0,
7,CS2401007,5,CS504,Data Warehousing & Mining,3,11.0,10.5,32.0,13.8,13.8,53.5,D,6.0,False,False,60.0,0.0,
7,CS2401007,5,CS505,Professional Ethics & Indian Constitution,2,10.6,10.1,30.8,13.3,,51.5,D,6.0,False,False,61.0,0.0,
8,CS2401008,1,FE101,Engineering Mathematics - I,4,14.4,13.7,41.8,18.0,,69.9,C,7.0,False,False,86.8,0.0,
8,CS2401008,1,FE102,Engineering Physics - I,3,15.3,14.5,44.2,19.1,19.1,74.0,B,8.0,False,False,86.7,0.0,
8,CS2401008,1,FE103,Engineering Chemistry - I,3,14.3,13.6,41.6,17.9,,69.5,C,7.0,False,False,90.8,0.0,
8,CS2401008,1,FE104,Engineering Mechanics,4,15.4,14.7,44.8,19.3,19.3,74.9,B,8.0,False,False,81.3,0.0,
8,CS2401008,1,FE105,Basic Electrical & Electronics (BEE),4,13.1,12.4,37.9,16.3,16.3,63.4,C,7.0,False,False,81.6,0.0,
8,CS2401008,1,FE106,Basic Workshop Practice - I,1,18.1,17.2,52.5,45.2,,87.8,O,10.0,False,False,83.1,0.0,
8,CS2401008,2,FE201,Engineering Mathematics - II,4,14.7,14.0,42.6,18.4,,71.3,B,8.0,False,False,76.8,0.0,
8,CS2401008,2,FE202,Engineering Physics - II,3,13.9,13.2,40.2,17.3,17.3,67.3,C,7.0,False,False,75.2,0.0,
8,CS2401008,2,FE203,Engineering Chemistry - II,3,17.8,16.9,51.6,22.3,,86.3,O,10.0,False,False,80.4,0.0,
8,CS2401008,2,FE204,Engineering Graphics & Design,3,12.7,12.1,36.8,31.8,15.9,61.6,C,7.0,False,False,70.8,0.0,
8,CS2401008,2,FE205,C Programming & Problem Solving,3,12.1,11.5,35.1,15.1,15.1,58.7,D,6.0,False,False,70.4,0.0,
8,CS2401008,2,FE206,Professional Communication - I,2,16.3,15.4,47.1,20.3,,78.8,A,9.0,False,False,75.7,0.0,
8,CS2401008,3,CS301,Engineering Mathematics - III,4,17.5,16.6,50.8,21.9,,84.9,O,10.0,False,False,87.8,0.0,
8,CS2401008,3,CS302,Data Structures & Algorithms,4,14.6,13.9,42.4,18.3,18.3,70.9,B,8.0,False,False,88.5,0.0,
8,CS2401008,3,CS303,Digital Logic & Computer Architecture,3,16.2,15.3,46.9,20.2,,78.4,A,9.0,False,False,82.8,0.0,
8,CS2401008,3,CS304,Object Oriented Programming with Java,3,17.2,16.3,49.8,21.5,21.5,83.3,O,10.0,False,False,87.7,0.0,
8,CS2401008,3,CS305,Principles of Communication,3,18.4,17.5,53.5,23.1,,89.4,O,10.0,False,False,83.1,0.0,
8,CS2401008,4,CS401,Engineering Mathematics - IV,4,12.7,12.1,36.9,15.9,,61.7,C,7.0,False,False,72.9,0.0,
8,CS2401008,4,CS402,Analysis of Algorithms,4,13.4,12.7,38.8,16.7,16.7,64.9,C,7.0,False,False,80.8,0.0,
8,CS2401008,4,CS403,Database Management Systems,4,12.8,12.1,37.0,15.9,15.9,61.9,C,7.0,False,False,82.8,0.0,
8,CS2401008,4,CS404,Operating Systems,3,13.4,12.8,38.9,16.8,16.8,65.1,C,7.0,False,False,75.0,0.0,
8,CS2401008,4,CS405,Microprocessor & Embedded Systems,3,17.0,16.2,49.4,21.3,,82.6,O,10.0,False,False,79.3,0.0,
8,CS2401008,5,CS501,Theoretical Computer Science & Automata,4,14.2,13.5,41.2,17.8,,68.9,C,7.0,False,False,69.3,0.0,
8,CS2401008,5,CS502,Software Engineering & Agile,3,15.5,14.7,44.8,19.3,,75.0,A,9.0,False,False,74.9,0.0,
8,CS2401008,5,CS503,Computer Networks & Security,4,13.9,13.2,40.2,17.3,17.3,67.3,C,7.0,False,False,70.9,0.0,
8,CS2401008,5,CS504,Data Warehousing & Mining,3,14.7,13.9,42.5,18.3,18.3,71.1,B,8.0,False,False,66.7,0.0,
8,CS2401008,5,CS505,Professional Ethics & Indian Constitution,2,15.7,14.9,45.5,19.6,,76.1,A,9.0,False,False,65.5,0.0,
9,CS2401009,1,FE101,Engineering Mathematics - I,4,16.3,15.5,47.3,20.4,,79.1,A,9.0,False,False,88.6,0.0,
9,CS2401009,1,FE102,Engineering Physics - I,3,16.6,15.7,48.0,20.7,20.7,80.3,O,10.0,False,False,85.6,0.0,
9,CS2401009,1,FE103,Engineering Chemistry - I,3,17.4,16.5,50.5,21.8,,84.4,O,10.0,False,False,91.0,0.0,
9,CS2401009,1,FE104,Engineering Mechanics,4,13.8,13.1,39.9,17.2,17.2,66.8,C,7.0,False,False,93.0,0.0,
9,CS2401009,1,FE105,Basic Electrical & Electronics (BEE),4,13.0,12.3,37.6,16.2,16.2,62.9,C,7.0,False,False,91.5,0.0,
9,CS2401009,1,FE106,Basic Workshop Practice - I,1,13.1,12.5,38.1,32.8,,63.7,C,7.0,False,False,86.4,0.0,
9,CS2401009,2,FE201,Engineering Mathematics - II,4,17.0,16.2,49.3,21.3,,82.5,O,10.0,False,False,86.2,0.0,
9,CS2401009,2,FE202,Engineering Physics - II,3,15.9,15.1,46.2,19.9,19.9,77.2,A,9.0,False,False,79.0,0.0,
9,CS2401009,2,FE203,Engineering Chemistry - II,3,15.9,15.1,46.2,19.9,,77.2,A,9.0,False,False,85.7,0.0,
9,CS2401009,2,FE204,Engineering Graphics & Design,3,16.1,15.3,46.8,40.4,20.2,78.2,A,9.0,False,False,78.4,0.0,
9,CS2401009,2,FE205,C Programming & Problem Solving,3,17.0,16.2,49.3,21.3,21.3,82.5,O,10.0,False,False,81.5,0.0,
9,CS2401009,2,FE206,Professional Communication - I,2,17.2,16.3,49.9,21.5,,83.4,O,10.0,False,False,87.1,0.0,
9,CS2401009,3,CS301,Engineering Mathematics - III,4,16.0,15.2,46.3,20.0,,77.5,A,9.0,False,False,75.1,0.0,
9,CS2401009,3,CS302,Data Structures & Algorithms,4,18.4,17.5,53.3,23.0,23.0,89.2,O,10.0,False,False,81.7,0.0,
9,CS2401009,3,CS303,Digital Logic & Computer Architecture,3,16.2,15.4,46.9,20.2,,78.5,A,9.0,False,False,75.5,0.0,
9,CS2401009,3,CS304,Object Oriented Programming with Java,3,15.2,14.4,44.1,19.0,19.0,73.7,B,8.0,False,False,80.9,0.0,
9,CS2401009,3,CS305,Principles of Communication,3,14.8,14.1,43.1,18.6,,72.0,B,8.0,False,False,80.0,0.0,
9,CS2401009,4,CS401,Engineering Mathematics - IV,4,13.1,12.5,38.1,16.4,,63.7,C,7.0,False,False,92.5,0.0,
9,CS2401009,4,CS402,Analysis of Algorithms,4,15.0,14.3,43.6,18.8,18.8,72.9,B,8.0,False,False,88.5,0.0,
9,CS2401009,4,CS403,Database Management Systems,4,16.2,15.4,46.9,20.2,20.2,78.5,A,9.0,False,False,86.0,0.0,
9,CS2401009,4,CS404,Operating Systems,3,16.4,15.6,47.5,20.5,20.5,79.5,A,9.0,False,False,86.3,0.0,
9,CS2401009,4,CS405,Microprocessor & Embedded Systems,3,12.9,12.3,37.5,16.2,,62.7,C,7.0,False,False,84.0,0.0,
9,CS2401009,5,CS501,Theoretical Computer Science & Automata,4,11.6,11.0,33.6,14.5,,56.2,D,6.0,False,False,76.6,0.0,
9,CS2401009,5,CS502,Software Engineering & Agile,3,12.0,11.4,34.9,15.1,,58.3,D,6.0,False,False,75.8,0.0,
9,CS2401009,5,CS503,Computer Networks & Security,4,10.4,9.9,30.1,13.0,13.0,50.4,D,6.0,False,False,69.0,0.0,
9,CS2401009,5,CS504,Data Warehousing & Mining,3,16.1,15.3,46.7,20.1,20.1,78.1,A,9.0,False,False,70.4,0.0,
9,CS2401009,5,CS505,Professional Ethics & Indian Constitution,2,12.3,11.6,35.5,15.3,,59.4,D,6.0,False,False,76.6,0.0,
10,CS2401010,1,FE101,Engineering Mathematics - I,4,15.8,15.0,45.7,19.7,,76.5,A,9.0,False,False,93.6,0.0,
10,CS2401010,1,FE102,Engineering Physics - I,3,12.5,11.9,36.2,15.6,15.6,60.6,C,7.0,False,False,94.0,0.0,
10,CS2401010,1,FE103,Engineering Chemistry - I,3,11.5,10.9,33.2,14.3,,55.6,D,6.0,False,False,93.9,0.0,
10,CS2401010,1,FE104,Engineering Mechanics,4,16.7,15.8,48.3,20.8,20.8,80.8,O,10.0,False,False,85.8,0.0,
10,CS2401010,1,FE105,Basic Electrical & Electronics (BEE),4,12.7,12.1,36.8,15.9,15.9,61.6,C,7.0,False,False,94.7,0.0,
10,CS2401010,1,FE106,Basic Workshop Practice - I,1,16.6,15.7,48.0,41.4,,80.3,O,10.0,False,False,83.7,0.0,
10,CS2401010,2,FE201,Engineering Mathematics - II,4,16.6,15.8,48.2,20.8,,80.6,O,10.0,False,False,92.5,0.0,
10,CS2401010,2,FE202,Engineering Physics - II,3,11.7,11.1,33.9,14.6,14.6,56.7,D,6.0,False,False,85.2,0.0,
10,CS2401010,2,FE203,Engineering Chemistry - II,3,14.9,14.1,43.1,18.6,,72.1,B,8.0,False,False,88.9,0.0,
10,CS2401010,2,FE204,Engineering Graphics & Design,3,14.7,13.9,42.5,36.7,18.3,71.1,B,8.0,False,False,86.2,0.0,
10,CS2401010,2,FE205,C Programming & Problem Solving,3,14.8,14.1,42.9,18.5,18.5,71.8,B,8.0,False,False,92.5,0.0,
10,CS2401010,2,FE206,Professional Communication - I,2,11.9,11.3,34.4,14.8,,57.6,D,6.0,False,False,86.3,0.0,
10,CS2401010,3,CS301,Engineering Mathematics - III,4,10.9,10.4,31.7,13.7,,53.0,D,6.0,False,False,81.4,0.0,
10,CS2401010,3,CS302,Data Structures & Algorithms,4,13.7,13.0,39.7,17.1,17.1,66.4,C,7.0,False,False,84.9,0.0,
10,CS2401010,3,CS303,Digital Logic & Computer Architecture,3,12.2,11.6,35.5,15.3,,59.3,D,6.0,False,False,90.5,0.0,
10,CS2401010,3,CS304,Object Oriented Programming with Java,3,12.8,12.1,37.1,16.0,16.0,62.0,C,7.0,False,False,80.3,0.0,
10,CS2401010,3,CS305,Principles of Communication,3,10.0,9.5,29.1,12.6,,48.6,P,4.0,False,False,82.4,0.0,
10,CS2401010,4,CS401,Engineering Mathematics - IV,4,11.5,11.0,33.4,14.4,,55.9,D,6.0,False,False,71.2,0.0,
10,CS2401010,4,CS402,Analysis of Algorithms,4,14.5,13.8,42.0,18.1,18.1,70.3,B,8.0,False,False,74.2,0.0,
10,CS2401010,4,CS403,Database Management Systems,4,12.1,11.5,35.0,15.1,15.1,58.6,D,6.0,False,False,72.4,0.0,
10,CS2401010,4,CS404,Operating Systems,3,10.4,9.9,30.2,13.0,13.0,50.5,D,6.0,False,False,71.6,0.0,
10,CS2401010,4,CS405,Microprocessor & Embedded Systems,3,13.6,12.9,39.4,17.0,,65.9,C,7.0,False,False,79.2,0.0,
10,CS2401010,5,CS501,Theoretical Computer Science & Automata,4,16.8,15.9,48.6,21.0,,81.3,O,10.0,False,False,69.4,0.0,
10,CS2401010,5,CS502,Software Engineering & Agile,3,16.8,16.0,48.8,21.0,,81.6,O,10.0,False,False,74.5,0.0,
10,CS2401010,5,CS503,Computer Networks & Security,4,11.9,11.3,34.6,14.9,14.9,57.8,D,6.0,False,False,78.3,0.0,
10,CS2401010,5,CS504,Data Warehousing & Mining,3,11.1,10.5,32.1,13.8,13.8,53.7,D,6.0,False,False,74.8,0.0,
10,CS2401010,5,CS505,Professional Ethics & Indian Constitution,2,11.2,10.6,32.5,14.0,,54.3,D,6.0,False,False,77.6,0.0,
11,ME2401011,1,FE101,Engineering Mathematics - I,4,11.7,11.1,33.9,14.6,,56.7,D,6.0,False,False,81.7,0.0,
11,ME2401011,1,FE102,Engineering Physics - I,3,12.8,12.2,37.1,16.0,16.0,62.1,C,7.0,False,False,81.0,0.0,
11,ME2401011,1,FE103,Engineering Chemistry - I,3,14.8,14.1,42.9,18.5,,71.8,B,8.0,False,False,77.4,0.0,
11,ME2401011,1,FE104,Engineering Mechanics,4,15.2,14.4,43.9,18.9,18.9,73.5,B,8.0,False,False,80.3,0.0,
11,ME2401011,1,FE105,Basic Electrical & Electronics (BEE),4,13.4,12.7,38.9,16.8,16.8,65.0,C,7.0,False,False,83.6,0.0,
11,ME2401011,1,FE106,Basic Workshop Practice - I,1,10.5,9.9,30.3,26.2,,50.7,D,6.0,False,False,86.7,0.0,
11,ME2401011,2,FE201,Engineering Mathematics - II,4,10.1,9.6,29.4,12.7,,49.1,P,4.0,False,False,77.2,0.0,
11,ME2401011,2,FE202,Engineering Physics - II,3,13.8,13.1,40.0,17.2,17.2,66.9,C,7.0,False,False,81.0,0.0,
11,ME2401011,2,FE203,Engineering Chemistry - II,3,13.3,12.6,38.6,16.6,,64.5,C,7.0,False,False,77.2,0.0,
11,ME2401011,2,FE204,Engineering Graphics & Design,3,13.9,13.2,40.2,34.6,17.3,67.3,C,7.0,False,False,72.7,0.0,
11,ME2401011,2,FE205,C Programming & Problem Solving,3,10.6,10.1,30.9,13.3,13.3,51.6,D,6.0,False,False,79.6,0.0,
11,ME2401011,2,FE206,Professional Communication - I,2,10.6,10.1,30.8,13.3,,51.5,D,6.0,False,False,75.8,0.0,
12,ME2401012,1,FE101,Engineering Mathematics - I,4,10.4,9.9,30.1,13.0,,50.4,D,6.0,False,False,71.0,0.0,
12,ME2401012,1,FE102,Engineering Physics - I,3,12.1,11.5,35.2,15.2,15.2,58.8,D,6.0,False,False,73.8,0.0,
12,ME2401012,1,FE103,Engineering Chemistry - I,3,14.3,13.6,41.6,17.9,,69.5,C,7.0,False,False,79.5,0.0,
12,ME2401012,1,FE104,Engineering Mechanics,4,13.8,13.1,39.9,17.2,17.2,66.8,C,7.0,False,False,75.6,0.0,
12,ME2401012,1,FE105,Basic Electrical & Electronics (BEE),4,10.4,9.9,30.2,13.0,13.0,50.5,D,6.0,False,False,77.9,0.0,
12,ME2401012,1,FE106,Basic Workshop Practice - I,1,12.5,11.9,36.3,31.3,,60.7,C,7.0,False,False,80.4,0.0,
12,ME2401012,2,FE201,Engineering Mathematics - II,4,7.4,7.0,24.0,9.2,,38.4,F,0.0,True,False,79.3,2.7,O.5042 (Grace)
12,ME2401012,2,FE202,Engineering Physics - II,3,10.6,10.1,30.8,13.3,13.3,51.5,D,6.0,False,False,83.1,0.0,
12,ME2401012,2,FE203,Engineering Chemistry - II,3,10.3,9.8,29.8,12.8,,49.9,P,4.0,False,False,75.4,0.0,
12,ME2401012,2,FE204,Engineering Graphics & Design,3,7.3,7.0,24.0,18.3,9.1,38.3,F,0.0,True,False,77.0,2.8,O.5042 (Grace)
12,ME2401012,2,FE205,C Programming & Problem Solving,3,9.2,8.8,26.8,11.5,11.5,44.8,P,4.0,False,False,86.0,0.0,
12,ME2401012,2,FE206,Professional Communication - I,2,8.7,8.2,25.1,10.8,,42.0,P,4.0,False,False,85.0,0.0,
13,ME2401013,1,FE101,Engineering Mathematics - I,4,10.2,9.7,29.5,12.7,,49.4,P,4.0,False,False,71.9,0.0,
13,ME2401013,1,FE102,Engineering Physics - I,3,11.3,10.8,32.8,14.2,14.2,54.9,D,6.0,False,False,72.8,0.0,
13,ME2401013,1,FE103,Engineering Chemistry - I,3,12.1,11.5,35.1,15.1,,58.7,D,6.0,False,False,72.5,0.0,
13,ME2401013,1,FE104,Engineering Mechanics,4,13.8,13.1,39.9,17.2,17.2,66.8,C,7.0,False,False,77.8,0.0,
13,ME2401013,1,FE105,Basic Electrical & Electronics (BEE),4,14.5,13.7,41.9,18.1,18.1,70.1,B,8.0,False,False,77.8,0.0,
13,ME2401013,1,FE106,Basic Workshop Practice - I,1,14.3,13.6,41.4,35.7,,69.3,C,7.0,False,False,69.2,0.0,
13,ME2401013,2,FE201,Engineering Mathematics - II,4,14.5,13.8,42.1,18.1,,70.4,B,8.0,False,False,76.6,0.0,
13,ME2401013,2,FE202,Engineering Physics - II,3,9.8,9.3,28.3,12.2,12.2,47.4,P,4.0,False,False,73.7,0.0,
13,ME2401013,2,FE203,Engineering Chemistry - II,3,10.0,9.5,29.1,12.5,,48.6,P,4.0,False,False,81.2,0.0,
13,ME2401013,2,FE204,Engineering Graphics & Design,3,10.0,9.5,29.0,25.0,12.5,48.5,P,4.0,False,False,75.2,0.0,
13,ME2401013,2,FE205,C Programming & Problem Solving,3,11.6,11.0,33.5,14.5,14.5,56.1,D,6.0,False,False,73.3,0.0,
13,ME2401013,2,FE206,Professional Communication - I,2,13.6,12.9,39.3,16.9,,65.8,C,7.0,False,False,78.6,0.0,
14,ME2401014,1,FE101,Engineering Mathematics - I,4,17.2,16.4,49.9,21.5,,83.5,O,10.0,False,False,76.9,0.0,
14,ME2401014,1,FE102,Engineering Physics - I,3,13.4,12.7,38.9,16.8,16.8,65.0,C,7.0,False,False,83.2,0.0,
14,ME2401014,1,FE103,Engineering Chemistry - I,3,15.9,15.1,46.0,19.8,,77.0,A,9.0,False,False,82.8,0.0,
14,ME2401014,1,FE104,Engineering Mechanics,4,14.0,13.3,40.5,17.4,17.4,67.8,C,7.0,False,False,87.4,0.0,
14,ME2401014,1,FE105,Basic Electrical & Electronics (BEE),4,15.0,14.3,43.6,18.8,18.8,72.9,B,8.0,False,False,78.3,0.0,
14,ME2401014,1,FE106,Basic Workshop Practice - I,1,14.6,13.9,42.4,36.5,,70.9,B,8.0,False,False,80.6,0.0,
14,ME2401014,2,FE201,Engineering Mathematics - II,4,15.5,14.7,44.9,19.3,,75.1,A,9.0,False,False,86.2,0.0,
14,ME2401014,2,FE202,Engineering Physics - II,3,16.3,15.5,47.3,20.4,20.4,79.1,A,9.0,False,False,84.2,0.0,
14,ME2401014,2,FE203,Engineering Chemistry - II,3,14.0,13.3,40.5,17.5,,67.8,C,7.0,False,False,86.8,0.0,
14,ME2401014,2,FE204,Engineering Graphics & Design,3,14.7,14.0,42.7,36.8,18.4,71.4,B,8.0,False,False,86.8,0.0,
14,ME2401014,2,FE205,C Programming & Problem Solving,3,14.6,13.9,42.3,18.2,18.2,70.8,B,8.0,False,False,78.4,0.0,
14,ME2401014,2,FE206,Professional Communication - I,2,11.7,11.2,34.0,14.7,,56.9,D,6.0,False,False,82.5,0.0,
14,ME2401014,3,CS301,Engineering Mathematics - III,4,12.7,12.0,36.7,15.8,,61.4,C,7.0,False,False,77.3,0.0,
14,ME2401014,3,CS302,Data Structures & Algorithms,4,14.7,13.9,42.6,18.3,18.3,71.2,B,8.0,False,False,79.4,0.0,
14,ME2401014,3,CS303,Digital Logic & Computer Architecture,3,14.3,13.6,41.6,17.9,,69.5,C,7.0,False,False,77.7,0.0,
14,ME2401014,3,CS304,Object Oriented Programming with Java,3,17.7,16.8,51.2,22.1,22.1,85.7,O,10.0,False,False,87.2,0.0,
14,ME2401014,3,CS305,Principles of Communication,3,14.0,13.3,40.5,17.4,,67.8,C,7.0,False,False,83.2,0.0,
14,ME2401014,4,CS401,Engineering Mathematics - IV,4,11.8,11.2,34.1,14.7,,57.1,D,6.0,False,False,88.5,0.0,
14,ME2401014,4,CS402,Analysis of Algorithms,4,12.5,11.8,36.2,15.6,15.6,60.5,C,7.0,False,False,82.1,0.0,
14,ME2401014,4,CS403,Database Management Systems,4,8.0,7.6,24.0,10.0,10.0,39.6,F,0.0,True,False,90.8,0.8,O.5042 (Grace)
14,ME2401014,4,CS404,Operating Systems,3,10.8,10.2,31.3,13.5,13.5,52.3,D,6.0,False,False,85.2,0.0,
14,ME2401014,4,CS405,Microprocessor & Embedded Systems,3,10.6,10.0,30.6,13.2,,51.2,D,6.0,False,False,88.5,0.0,
15,ME2401015,1,FE101,Engineering Mathematics - I,4,10.9,10.3,31.5,13.6,,52.7,D,6.0,False,False,87.8,0.0,
15,ME2401015,1,FE102,Engineering Physics - I,3,10.2,9.7,29.6,12.8,12.8,49.5,P,4.0,False,False,96.0,0.0,
15,ME2401015,1,FE103,Engineering Chemistry - I,3,10.1,9.6,29.4,12.7,,49.1,P,4.0,False,False,91.0,0.0,
15,ME2401015,1,FE104,Engineering Mechanics,4,9.2,8.8,26.7,11.5,11.5,44.7,P,4.0,False,False,89.4,0.0,
15,ME2401015,1,FE105,Basic Electrical & Electronics (BEE),4,11.5,11.0,33.5,14.4,14.4,56.0,D,6.0,False,False,90.5,0.0,
15,ME2401015,1,FE106,Basic Workshop Practice - I,1,13.2,12.5,38.3,33.0,,64.0,C,7.0,False,False,89.6,0.0,
15,ME2401015,2,FE201,Engineering Mathematics - II,4,11.9,11.3,34.6,14.9,,57.8,D,6.0,False,False,84.0,0.0,
15,ME2401015,2,FE202,Engineering Physics - II,3,10.1,9.6,29.4,12.7,12.7,49.1,P,4.0,False,False,94.5,0.0,
15,ME2401015,2,FE203,Engineering Chemistry - II,3,10.9,10.3,31.5,13.6,,52.7,D,6.0,False,False,89.8,0.0,
15,ME2401015,2,FE204,Engineering Graphics & Design,3,11.9,11.3,34.5,29.7,14.9,57.7,D,6.0,False,False,90.6,0.0,
15,ME2401015,2,FE205,C Programming & Problem Solving,3,13.5,12.8,39.1,16.8,16.8,65.4,C,7.0,False,False,86.8,0.0,
15,ME2401015,2,FE206,Professional Communication - I,2,13.1,12.4,37.9,16.3,,63.4,C,7.0,False,False,83.9,0.0,
15,ME2401015,3,CS301,Engineering Mathematics - III,4,14.7,14.0,42.7,18.4,,71.4,B,8.0,False,False,79.2,0.0,
15,ME2401015,3,CS302,Data Structures & Algorithms,4,17.2,16.3,49.9,21.5,21.5,83.4,O,10.0,False,False,81.3,0.0,
15,ME2401015,3,CS303,Digital Logic & Computer Architecture,3,13.1,12.5,38.1,16.4,,63.7,C,7.0,False,False,78.1,0.0,
15,ME2401015,3,CS304,Object Oriented Programming with Java,3,13.4,12.7,38.8,16.7,16.7,64.9,C,7.0,False,False,87.9,0.0,
15,ME2401015,3,CS305,Principles of Communication,3,12.0,11.4,34.8,15.0,,58.2,D,6.0,False,False,81.3,0.0,
15,ME2401015,4,CS401,Engineering Mathematics - IV,4,9.1,8.6,26.3,11.4,,44.0,P,4.0,False,False,76.4,0.0,
15,ME2401015,4,CS402,Analysis of Algorithms,4,11.7,11.1,33.9,14.6,14.6,56.7,D,6.0,False,False,74.5,0.0,
15,ME2401015,4,CS403,Database Management Systems,4,10.1,9.5,29.1,12.6,12.6,48.7,P,4.0,False,False,77.7,0.0,
15,ME2401015,4,CS404,Operating Systems,3,10.4,9.9,30.2,13.0,13.0,50.5,D,6.0,False,False,75.2,0.0,
15,ME2401015,4,CS405,Microprocessor & Embedded Systems,3,11.8,11.2,34.3,14.8,,57.3,D,6.0,False,False,74.3,0.0,
16,ME2401016,1,FE101,Engineering Mathematics - I,4,15.5,14.7,44.9,19.4,,75.1,A,9.0,False,False,73.9,0.0,
16,ME2401016,1,FE102,Engineering Physics - I,3,11.8,11.2,34.2,14.7,14.7,57.2,D,6.0,False,False,83.2,0.0,
16,ME2401016,1,FE103,Engineering Chemistry - I,3,15.9,15.1,46.2,19.9,,77.2,A,9.0,False,False,77.4,0.0,
16,ME2401016,1,FE104,Engineering Mechanics,4,10.5,10.0,30.5,13.2,13.2,51.0,D,6.0,False,False,81.1,0.0,
16,ME2401016,1,FE105,Basic Electrical & Electronics (BEE),4,12.4,11.8,36.0,15.5,15.5,60.2,C,7.0,False,False,73.0,0.0,
16,ME2401016,1,FE106,Basic Workshop Practice - I,1,15.8,15.0,45.7,39.4,,76.5,A,9.0,False,False,81.2,0.0,
16,ME2401016,2,FE201,Engineering Mathematics - II,4,11.2,10.6,32.3,13.9,,54.1,D,6.0,False,False,84.5,0.0,
16,ME2401016,2,FE202,Engineering Physics - II,3,11.9,11.3,34.6,14.9,14.9,57.8,D,6.0,False,False,81.1,0.0,
16,ME2401016,2,FE203,Engineering Chemistry - II,3,12.8,12.2,37.1,16.0,,62.1,C,7.0,False,False,90.2,0.0,
16,ME2401016,2,FE204,Engineering Graphics & Design,3,10.1,9.6,29.2,25.2,12.6,48.9,P,4.0,False,False,89.7,0.0,
16,ME2401016,2,FE205,C Programming & Problem Solving,3,11.1,10.6,32.2,13.9,13.9,53.9,D,6.0,False,False,90.2,0.0,
16,ME2401016,2,FE206,Professional Communication - I,2,12.7,12.0,36.8,15.9,,61.5,C,7.0,False,False,85.9,0.0,
16,ME2401016,3,CS301,Engineering Mathematics - III,4,10.2,9.7,29.5,12.7,,49.4,P,4.0,False,False,81.6,0.0,
16,ME2401016,3,CS302,Data Structures & Algorithms,4,14.1,13.4,40.8,17.6,17.6,68.3,C,7.0,False,False,77.9,0.0,
16,ME2401016,3,CS303,Digital Logic & Computer Architecture,3,13.5,12.8,39.2,16.9,,65.5,C,7.0,False,False,77.4,0.0,
16,ME2401016,3,CS304,Object Oriented Programming with Java,3,10.2,9.7,29.7,12.8,12.8,49.6,P,4.0,False,False,86.8,0.0,
16,ME2401016,3,CS305,Principles of Communication,3,13.3,12.6,38.5,16.6,,64.4,C,7.0,False,False,88.7,0.0,
16,ME2401016,4,CS401,Engineering Mathematics - IV,4,12.7,12.1,36.8,15.9,,61.6,C,7.0,False,False,74.8,0.0,
16,ME2401016,4,CS402,Analysis of Algorithms,4,10.1,9.6,29.2,12.6,12.6,48.9,P,4.0,False,False,81.0,0.0,
16,ME2401016,4,CS403,Database Management Systems,4,9.5,9.0,27.5,11.8,11.8,46.0,P,4.0,False,False,80.4,0.0,
16,ME2401016,4,CS404,Operating Systems,3,9.9,9.4,28.6,12.3,12.3,47.9,P,4.0,False,False,74.9,0.0,
16,ME2401016,4,CS405,Microprocessor & Embedded Systems,3,9.4,8.9,27.2,11.7,,45.5,P,4.0,False,False,79.3,0.0,
17,ME2401017,1,FE101,Engineering Mathematics - I,4,15.6,14.8,45.2,19.5,,75.6,A,9.0,False,False,80.4,0.0,
17,ME2401017,1,FE102,Engineering Physics - I,3,15.8,15.0,45.8,19.8,19.8,76.6,A,9.0,False,False,78.7,0.0,
17,ME2401017,1,FE103,Engineering Chemistry - I,3,16.3,15.5,47.4,20.4,,79.2,A,9.0,False,False,73.5,0.0,
17,ME2401017,1,FE104,Engineering Mechanics,4,11.1,10.6,32.2,13.9,13.9,53.9,D,6.0,False,False,73.9,0.0,
17,ME2401017,1,FE105,Basic Electrical & Electronics (BEE),4,13.1,12.5,38.0,16.4,16.4,63.6,C,7.0,False,False,73.1,0.0,
17,ME2401017,1,FE106,Basic Workshop Practice - I,1,11.5,10.9,33.3,28.7,,55.7,D,6.0,False,False,80.1,0.0,
17,ME2401017,2,FE201,Engineering Mathematics - II,4,12.8,12.1,37.1,16.0,,62.0,C,7.0,False,False,74.8,0.0,
17,ME2401017,2,FE202,Engineering Physics - II,3,14.3,13.6,41.5,17.9,17.9,69.4,C,7.0,False,False,74.6,0.0,
17,ME2401017,2,FE203,Engineering Chemistry - II,3,14.2,13.4,41.1,17.7,,68.7,C,7.0,False,False,82.3,0.0,
17,ME2401017,2,FE204,Engineering Graphics & Design,3,11.7,11.1,33.8,29.2,14.6,56.6,D,6.0,False,False,75.0,0.0,
17,ME2401017,2,FE205,C Programming & Problem Solving,3,10.9,10.3,31.5,13.6,13.6,52.7,D,6.0,False,False,75.7,0.0,
17,ME2401017,2,FE206,Professional Communication - I,2,12.8,12.1,37.0,15.9,,61.9,C,7.0,False,False,79.2,0.0,
17,ME2401017,3,CS301,Engineering Mathematics - III,4,15.6,14.8,45.1,19.5,,75.5,A,9.0,False,False,95.8,0.0,
17,ME2401017,3,CS302,Data Structures & Algorithms,4,16.1,15.3,46.7,20.1,20.1,78.1,A,9.0,False,False,90.2,0.0,
17,ME2401017,3,CS303,Digital Logic & Computer Architecture,3,15.4,14.7,44.8,19.3,,74.9,B,8.0,False,False,92.9,0.0,
17,ME2401017,3,CS304,Object Oriented Programming with Java,3,14.0,13.3,40.7,17.5,17.5,68.0,C,7.0,False,False,87.3,0.0,
17,ME2401017,3,CS305,Principles of Communication,3,17.3,16.4,50.1,21.6,,83.8,O,10.0,False,False,90.0,0.0,
17,ME2401017,4,CS401,Engineering Mathematics - IV,4,11.9,11.3,34.5,14.9,,57.7,D,6.0,False,False,80.2,0.0,
17,ME2401017,4,CS402,Analysis of Algorithms,4,16.2,15.4,47.0,20.3,20.3,78.6,A,9.0,False,False,77.6,0.0,
17,ME2401017,4,CS403,Database Management Systems,4,15.1,14.4,43.8,18.9,18.9,73.3,B,8.0,False,False,77.4,0.0,
17,ME2401017,4,CS404,Operating Systems,3,15.7,14.9,45.6,19.7,19.7,76.2,A,9.0,False,False,81.5,0.0,
17,ME2401017,4,CS405,Microprocessor & Embedded Systems,3,11.3,10.8,32.9,14.2,,55.0,D,6.0,False,False,73.4,0.0,
17,ME2401017,5,CS501,Theoretical Computer Science & Automata,4,11.2,10.6,32.4,14.0,,54.2,D,6.0,False,False,70.7,0.0,
17,ME2401017,5,CS502,Software Engineering & Agile,3,11.7,11.1,34.0,14.6,,56.8,D,6.0,False,False,73.2,0.0,
17,ME2401017,5,CS503,Computer Networks & Security,4,13.1,12.5,38.0,16.4,16.4,63.6,C,7.0,False,False,72.2,0.0,
17,ME2401017,5,CS504,Data Warehousing & Mining,3,11.2,10.6,32.4,14.0,14.0,54.2,D,6.0,False,False,78.0,0.0,
17,ME2401017,5,CS505,Professional Ethics & Indian Constitution,2,13.3,12.6,38.5,16.6,,64.4,C,7.0,False,False,74.0,0.0,
17,ME2401017,6,CS601,Machine Learning & Pattern Recognition,4,10.7,10.2,31.0,13.4,13.4,51.9,D,6.0,False,False,58.0,0.0,
17,ME2401017,6,CS602,Cryptography & System Security,4,15.3,14.5,44.2,19.1,19.1,74.0,B,8.0,False,False,57.2,0.0,
17,ME2401017,6,CS603,Mobile Application Development,3,11.6,11.1,33.8,14.6,,56.5,D,6.0,False,False,58.3,0.0,
17,ME2401017,6,CS604,Cloud Computing & Virtualization,3,15.3,14.6,44.4,19.1,19.1,74.3,B,8.0,False,False,58.0,0.0,
17,ME2401017,6,CS605,Mini Project 2A,2,12.3,11.7,35.7,15.4,15.4,59.7,D,6.0,False,False,65.7,0.0,
18,ME2401018,1,FE101,Engineering Mathematics - I,4,11.9,11.3,34.5,14.9,,57.7,D,6.0,False,False,93.3,0.0,
18,ME2401018,1,FE102,Engineering Physics - I,3,15.1,14.3,43.7,18.8,18.8,73.1,B,8.0,False,False,91.5,0.0,
18,ME2401018,1,FE103,Engineering Chemistry - I,3,13.7,13.0,39.7,17.1,,66.4,C,7.0,False,False,87.2,0.0,
18,ME2401018,1,FE104,Engineering Mechanics,4,14.4,13.7,41.7,18.0,18.0,69.8,C,7.0,False,False,91.5,0.0,
18,ME2401018,1,FE105,Basic Electrical & Electronics (BEE),4,14.5,13.8,42.2,18.2,18.2,70.5,B,8.0,False,False,95.8,0.0,
18,ME2401018,1,FE106,Basic Workshop Practice - I,1,14.6,13.9,42.5,36.6,,71.0,B,8.0,False,False,91.8,0.0,
18,ME2401018,2,FE201,Engineering Mathematics - II,4,12.5,11.9,36.2,15.6,,60.6,C,7.0,False,False,91.0,0.0,
18,ME2401018,2,FE202,Engineering Physics - II,3,13.8,13.1,40.1,17.3,17.3,67.0,C,7.0,False,False,84.3,0.0,
18,ME2401018,2,FE203,Engineering Chemistry - II,3,14.3,13.6,41.5,17.9,,69.4,C,7.0,False,False,91.1,0.0,
18,ME2401018,2,FE204,Engineering Graphics & Design,3,12.8,12.2,37.2,32.1,16.0,62.2,C,7.0,False,False,79.8,0.0,
18,ME2401018,2,FE205,C Programming & Problem Solving,3,14.6,13.8,42.3,18.2,18.2,70.7,B,8.0,False,False,89.5,0.0,
18,ME2401018,2,FE206,Professional Communication - I,2,16.1,15.3,46.8,20.2,,78.2,A,9.0,False,False,82.6,0.0,
18,ME2401018,3,CS301,Engineering Mathematics - III,4,10.6,10.1,30.9,13.3,,51.6,D,6.0,False,False,73.0,0.0,
18,ME2401018,3,CS302,Data Structures & Algorithms,4,11.5,11.0,33.5,14.4,14.4,56.0,D,6.0,False,False,75.7,0.0,
18,ME2401018,3,CS303,Digital Logic & Computer Architecture,3,10.6,10.0,30.6,13.2,,51.2,D,6.0,False,False,70.6,0.0,
18,ME2401018,3,CS304,Object Oriented Programming with Java,3,11.0,10.5,32.0,13.8,13.8,53.5,D,6.0,False,False,69.0,0.0,
18,ME2401018,3,CS305,Principles of Communication,3,13.5,12.8,39.2,16.9,,65.5,C,7.0,False,False,76.5,0.0,
18,ME2401018,4,CS401,Engineering Mathematics - IV,4,13.5,12.9,39.3,16.9,,65.7,C,7.0,False,False,91.7,0.0,
18,ME2401018,4,CS402,Analysis of Algorithms,4,13.9,13.2,40.4,17.4,17.4,67.5,C,7.0,False,False,85.7,0.0,
18,ME2401018,4,CS403,Database Management Systems,4,11.7,11.1,33.9,14.6,14.6,56.7,D,6.0,False,False,87.8,0.0,
18,ME2401018,4,CS404,Operating Systems,3,13.4,12.7,38.9,16.8,16.8,65.0,C,7.0,False,False,88.9,0.0,
18,ME2401018,4,CS405,Microprocessor & Embedded Systems,3,12.0,11.4,34.8,15.0,,58.2,D,6.0,False,False,92.0,0.0,
18,ME2401018,5,CS501,Theoretical Computer Science & Automata,4,17.7,16.8,51.3,22.1,,85.8,O,10.0,False,False,77.7,0.0,
18,ME2401018,5,CS502,Software Engineering & Agile,3,14.6,13.9,42.3,18.3,,70.8,B,8.0,False,False,75.2,0.0,
18,ME2401018,5,CS503,Computer Networks & Security,4,13.1,12.4,38.0,16.4,16.4,63.5,C,7.0,False,False,74.5,0.0,
18,ME2401018,5,CS504,Data Warehousing & Mining,3,14.3,13.6,41.5,17.9,17.9,69.4,C,7.0,False,False,77.1,0.0,
18,ME2401018,5,CS505,Professional Ethics & Indian Constitution,2,14.2,13.5,41.1,17.7,,68.8,C,7.0,False,False,80.0,0.0,
18,ME2401018,6,CS601,Machine Learning & Pattern Recognition,4,9.6,9.1,27.8,12.0,12.0,46.5,P,4.0,False,False,65.6,0.0,
18,ME2401018,6,CS602,Cryptography & System Security,4,8.8,8.3,25.4,10.9,10.9,42.5,P,4.0,False,False,70.3,0.0,
18,ME2401018,6,CS603,Mobile Application Development,3,10.8,10.3,31.4,13.5,,52.5,D,6.0,False,False,71.5,0.0,
18,ME2401018,6,CS604,Cloud Computing & Virtualization,3,10.8,10.2,31.3,13.5,13.5,52.3,D,6.0,False,False,70.6,0.0,
18,ME2401018,6,CS605,Mini Project 2A,2,10.4,9.9,30.2,13.0,13.0,50.5,D,6.0,False,False,65.0,0.0,
19,ME2401019,1,FE101,Engineering Mathematics - I,4,16.3,15.4,47.1,20.3,,78.8,A,9.0,False,False,85.8,0.0,
19,ME2401019,1,FE102,Engineering Physics - I,3,15.4,14.6,44.7,19.3,19.3,74.7,B,8.0,False,False,92.0,0.0,
19,ME2401019,1,FE103,Engineering Chemistry - I,3,16.3,15.5,47.2,20.3,,79.0,A,9.0,False,False,86.7,0.0,
19,ME2401019,1,FE104,Engineering Mechanics,4,17.9,17.0,51.9,22.4,22.4,86.8,O,10.0,False,False,84.7,0.0,
19,ME2401019,1,FE105,Basic Electrical & Electronics (BEE),4,16.3,15.5,47.2,20.3,20.3,79.0,A,9.0,False,False,93.4,0.0,
19,ME2401019,1,FE106,Basic Workshop Practice - I,1,13.7,13.0,39.6,34.2,,66.3,C,7.0,False,False,94.3,0.0,
19,ME2401019,2,FE201,Engineering Mathematics - II,4,16.2,15.4,46.9,20.2,,78.5,A,9.0,False,False,90.6,0.0,
19,ME2401019,2,FE202,Engineering Physics - II,3,14.4,13.7,41.9,18.0,18.0,70.0,B,8.0,False,False,83.7,0.0,
19,ME2401019,2,FE203,Engineering Chemistry - II,3,14.0,13.3,40.5,17.4,,67.8,C,7.0,False,False,87.0,0.0,
19,ME2401019,2,FE204,Engineering Graphics & Design,3,10.8,10.2,31.2,26.9,13.5,52.2,D,6.0,False,False,85.2,0.0,
19,ME2401019,2,FE205,C Programming & Problem Solving,3,11.4,10.9,33.2,14.3,14.3,55.5,D,6.0,False,False,93.6,0.0,
19,ME2401019,2,FE206,Professional Communication - I,2,15.5,14.8,45.1,19.4,,75.4,A,9.0,False,False,89.2,0.0,
19,ME2401019,3,CS301,Engineering Mathematics - III,4,14.4,13.7,41.7,18.0,,69.8,C,7.0,False,False,84.3,0.0,
19,ME2401019,3,CS302,Data Structures & Algorithms,4,14.2,13.5,41.3,17.8,17.8,69.0,C,7.0,False,False,75.3,0.0,
19,ME2401019,3,CS303,Digital Logic & Computer Architecture,3,14.5,13.8,42.1,18.1,,70.4,B,8.0,False,False,77.5,0.0,
19,ME2401019,3,CS304,Object Oriented Programming with Java,3,9.6,9.1,27.8,12.0,12.0,46.5,P,4.0,False,False,85.1,0.0,
19,ME2401019,3,CS305,Principles of Communication,3,11.5,10.9,33.2,14.3,,55.6,D,6.0,False,False,83.7,0.0,
19,ME2401019,4,CS401,Engineering Mathematics - IV,4,12.6,12.0,36.6,15.8,,61.2,C,7.0,False,False,84.1,0.0,
19,ME2401019,4,CS402,Analysis of Algorithms,4,17.0,16.1,49.3,21.2,21.2,82.4,O,10.0,False,False,83.7,0.0,
19,ME2401019,4,CS403,Database Management Systems,4,17.2,16.3,49.8,21.4,21.4,83.3,O,10.0,False,False,82.4,0.0,
19,ME2401019,4,CS404,Operating Systems,3,15.5,14.7,45.0,19.4,19.4,75.2,A,9.0,False,False,86.3,0.0,
19,ME2401019,4,CS405,Microprocessor & Embedded Systems,3,14.2,13.5,41.2,17.8,,68.9,C,7.0,False,False,89.5,0.0,
19,ME2401019,5,CS501,Theoretical Computer Science & Automata,4,14.7,14.0,42.6,18.4,,71.3,B,8.0,False,False,77.3,0.0,
19,ME2401019,5,CS502,Software Engineering & Agile,3,11.9,11.3,34.4,14.8,,57.6,D,6.0,False,False,81.2,0.0,
19,ME2401019,5,CS503,Computer Networks & Security,4,16.8,16.0,48.8,21.1,21.1,81.6,O,10.0,False,False,82.8,0.0,
19,ME2401019,5,CS504,Data Warehousing & Mining,3,13.4,12.7,38.8,16.7,16.7,64.9,C,7.0,False,False,84.1,0.0,
19,ME2401019,5,CS505,Professional Ethics & Indian Constitution,2,15.6,14.8,45.1,19.4,,75.5,A,9.0,False,False,76.5,0.0,
19,ME2401019,6,CS601,Machine Learning & Pattern Recognition,4,12.7,12.0,36.7,15.8,15.8,61.4,C,7.0,False,False,73.9,0.0,
19,ME2401019,6,CS602,Cryptography & System Security,4,12.9,12.2,37.3,16.1,16.1,62.4,C,7.0,False,False,78.4,0.0,
19,ME2401019,6,CS603,Mobile Application Development,3,13.2,12.6,38.4,16.5,,64.2,C,7.0,False,False,70.8,0.0,
19,ME2401019,6,CS604,Cloud Computing & Virtualization,3,14.2,13.5,41.3,17.8,17.8,69.0,C,7.0,False,False,78.9,0.0,
19,ME2401019,6,CS605,Mini Project 2A,2,12.4,11.8,36.1,15.6,15.6,60.3,C,7.0,False,False,72.3,0.0,
20,ME2401020,1,FE101,Engineering Mathematics - I,4,11.8,11.2,34.1,14.7,,57.1,D,6.0,False,False,80.3,0.0,
20,ME2401020,1,FE102,Engineering Physics - I,3,13.9,13.2,40.4,17.4,17.4,67.5,C,7.0,False,False,80.0,0.0,
20,ME2401020,1,FE103,Engineering Chemistry - I,3,12.9,12.2,37.4,16.1,,62.5,C,7.0,False,False,77.3,0.0,
20,ME2401020,1,FE104,Engineering Mechanics,4,12.5,11.9,36.3,15.7,15.7,60.7,C,7.0,False,False,79.3,0.0,
20,ME2401020,1,FE105,Basic Electrical & Electronics (BEE),4,11.0,10.4,31.8,13.7,13.7,53.2,D,6.0,False,False,84.6,0.0,
20,ME2401020,1,FE106,Basic Workshop Practice - I,1,10.8,10.3,31.4,27.1,,52.5,D,6.0,False,False,81.4,0.0,
20,ME2401020,2,FE201,Engineering Mathematics - II,4,11.9,11.3,34.6,14.9,,57.8,D,6.0,False,False,88.6,0.0,
20,ME2401020,2,FE202,Engineering Physics - II,3,14.6,13.9,42.4,18.3,18.3,70.9,B,8.0,False,False,82.3,0.0,
20,ME2401020,2,FE203,Engineering Chemistry - II,3,14.5,13.8,42.1,18.2,,70.4,B,8.0,False,False,84.6,0.0,
20,ME2401020,2,FE204,Engineering Graphics & Design,3,11.5,10.9,33.3,28.7,14.4,55.7,D,6.0,False,False,85.9,0.0,
20,ME2401020,2,FE205,C Programming & Problem Solving,3,11.8,11.2,34.3,14.8,14.8,57.3,D,6.0,False,False,81.8,0.0,
20,ME2401020,2,FE206,Professional Communication - I,2,14.0,13.3,40.7,17.5,,68.0,C,7.0,False,False,87.2,0.0,
20,ME2401020,3,CS301,Engineering Mathematics - III,4,16.6,15.7,48.1,20.7,,80.4,O,10.0,False,False,85.5,0.0,
20,ME2401020,3,CS302,Data Structures & Algorithms,4,17.5,16.7,50.9,21.9,21.9,85.1,O,10.0,False,False,87.5,0.0,
20,ME2401020,3,CS303,Digital Logic & Computer Architecture,3,16.5,15.7,47.9,20.6,,80.1,O,10.0,False,False,83.2,0.0,
20,ME2401020,3,CS304,Object Oriented Programming with Java,3,15.7,14.9,45.5,19.6,19.6,76.1,A,9.0,False,False,86.5,0.0,
20,ME2401020,3,CS305,Principles of Communication,3,16.7,15.8,48.3,20.8,,80.8,O,10.0,False,False,89.8,0.0,
20,ME2401020,4,CS401,Engineering Mathematics - IV,4,16.8,16.0,48.8,21.1,,81.6,O,10.0,False,False,93.8,0.0,
20,ME2401020,4,CS402,Analysis of Algorithms,4,15.5,14.7,44.9,19.3,19.3,75.1,A,9.0,False,False,87.8,0.0,
20,ME2401020,4,CS403,Database Management Systems,4,16.5,15.6,47.7,20.6,20.6,79.8,A,9.0,False,False,87.9,0.0,
20,ME2401020,4,CS404,Operating Systems,3,13.4,12.8,38.9,16.8,16.8,65.1,C,7.0,False,False,94.0,0.0,
20,ME2401020,4,CS405,Microprocessor & Embedded Systems,3,11.7,11.1,33.9,14.6,,56.7,D,6.0,False,False,93.5,0.0,
20,ME2401020,5,CS501,Theoretical Computer Science & Automata,4,18.2,17.3,52.9,22.8,,88.4,O,10.0,False,False,81.8,0.0,
20,ME2401020,5,CS502,Software Engineering & Agile,3,16.8,16.0,48.8,21.1,,81.6,O,10.0,False,False,79.6,0.0,
20,ME2401020,5,CS503,Computer Networks & Security,4,15.6,14.8,45.2,19.5,19.5,75.6,A,9.0,False,False,84.8,0.0,
20,ME2401020,5,CS504,Data Warehousing & Mining,3,16.8,15.9,48.6,20.9,20.9,81.3,O,10.0,False,False,82.1,0.0,
20,ME2401020,5,CS505,Professional Ethics & Indian Constitution,2,15.9,15.1,46.2,19.9,,77.2,A,9.0,False,False,80.1,0.0,
20,ME2401020,6,CS601,Machine Learning & Pattern Recognition,4,10.1,9.6,29.2,12.6,12.6,48.9,P,4.0,False,False,72.6,0.0,
20,ME2401020,6,CS602,Cryptography & System Security,4,11.2,10.6,32.5,14.0,14.0,54.3,D,6.0,False,False,72.3,0.0,
20,ME2401020,6,CS603,Mobile Application Development,3,12.8,12.2,37.2,16.1,,62.2,C,7.0,False,False,76.7,0.0,
20,ME2401020,6,CS604,Cloud Computing & Virtualization,3,12.6,12.0,36.6,15.8,15.8,61.2,C,7.0,False,False,76.2,0.0,
20,ME2401020,6,CS605,Mini Project 2A,2,12.0,11.4,34.8,15.0,15.0,58.2,D,6.0,False,False,71.4,0.0,
21,EC2401021,1,FE101,Engineering Mathematics - I,4,10.9,10.3,31.6,13.6,,52.8,D,6.0,False,False,79.1,0.0,
21,EC2401021,1,FE102,Engineering Physics - I,3,11.3,10.8,32.9,14.2,14.2,55.0,D,6.0,False,False,85.6,0.0,
21,EC2401021,1,FE103,Engineering Chemistry - I,3,11.1,10.6,32.3,13.9,,54.0,D,6.0,False,False,76.6,0.0,
21,EC2401021,1,FE104,Engineering Mechanics,4,12.2,11.5,35.2,15.2,15.2,58.9,D,6.0,False,False,82.8,0.0,
21,EC2401021,1,FE105,Basic Electrical & Electronics (BEE),4,16.3,15.5,47.3,20.4,20.4,79.1,A,9.0,False,False,84.5,0.0,
21,EC2401021,1,FE106,Basic Workshop Practice - I,1,15.4,14.7,44.8,38.6,,74.9,B,8.0,False,False,79.8,0.0,
22,EC2401022,1,FE101,Engineering Mathematics - I,4,10.3,9.8,30.0,12.9,,50.1,D,6.0,False,False,76.7,0.0,
22,EC2401022,1,FE102,Engineering Physics - I,3,12.9,12.2,37.4,16.1,16.1,62.5,C,7.0,False,False,76.5,0.0,
22,EC2401022,1,FE103,Engineering Chemistry - I,3,9.0,8.6,26.2,11.3,,43.8,P,4.0,False,False,76.2,0.0,
22,EC2401022,1,FE104,Engineering Mechanics,4,10.0,9.5,29.0,12.5,12.5,48.5,P,4.0,False,False,78.0,0.0,
22,EC2401022,1,FE105,Basic Electrical & Electronics (BEE),4,11.4,10.8,33.1,14.2,14.2,55.3,D,6.0,False,False,68.7,0.0,
22,EC2401022,1,FE106,Basic Workshop Practice - I,1,9.8,9.3,28.4,24.5,,47.5,P,4.0,False,False,75.7,0.0,
23,EC2401023,1,FE101,Engineering Mathematics - I,4,15.3,14.6,44.5,19.2,,74.4,B,8.0,False,False,90.4,0.0,
23,EC2401023,1,FE102,Engineering Physics - I,3,10.8,10.3,31.3,13.5,13.5,52.4,D,6.0,False,False,82.1,0.0,
23,EC2401023,1,FE103,Engineering Chemistry - I,3,11.9,11.3,34.6,14.9,,57.8,D,6.0,False,False,89.5,0.0,
23,EC2401023,1,FE104,Engineering Mechanics,4,10.2,9.7,29.6,12.8,12.8,49.5,P,4.0,False,False,87.6,0.0,
23,EC2401023,1,FE105,Basic Electrical & Electronics (BEE),4,11.1,10.5,32.0,13.8,13.8,53.6,D,6.0,False,False,85.4,0.0,
23,EC2401023,1,FE106,Basic Workshop Practice - I,1,13.7,13.0,39.7,34.2,,66.4,C,7.0,False,False,91.0,0.0,
23,EC2401023,2,FE201,Engineering Mathematics - II,4,17.4,16.5,50.3,21.7,,84.2,O,10.0,False,False,72.1,0.0,
23,EC2401023,2,FE202,Engineering Physics - II,3,17.4,16.6,50.6,21.8,21.8,84.6,O,10.0,False,False,76.8,0.0,
23,EC2401023,2,FE203,Engineering Chemistry - II,3,15.5,14.8,45.1,19.4,,75.4,A,9.0,False,False,77.7,0.0,
23,EC2401023,2,FE204,Engineering Graphics & Design,3,16.5,15.7,47.9,41.3,20.6,80.1,O,10.0,False,False,77.0,0.0,
23,EC2401023,2,FE205,C Programming & Problem Solving,3,16.4,15.6,47.6,20.5,20.5,79.6,A,9.0,False,False,74.5,0.0,
23,EC2401023,2,FE206,Professional Communication - I,2,15.4,14.6,44.7,19.3,,74.7,B,8.0,False,False,75.6,0.0,
23,EC2401023,3,CS301,Engineering Mathematics - III,4,15.0,14.2,43.4,18.7,,72.6,B,8.0,False,False,56.5,0.0,
23,EC2401023,3,CS302,Data Structures & Algorithms,4,10.5,9.9,30.3,13.1,13.1,50.7,D,6.0,False,False,57.7,0.0,
23,EC2401023,3,CS303,Digital Logic & Computer Architecture,3,12.1,11.5,35.2,15.2,,58.8,D,6.0,False,False,66.0,0.0,
23,EC2401023,3,CS304,Object Oriented Programming with Java,3,11.2,10.6,32.4,14.0,14.0,54.2,D,6.0,False,False,62.6,0.0,
23,EC2401023,3,CS305,Principles of Communication,3,12.8,12.1,37.0,16.0,,61.9,C,7.0,False,False,57.0,0.0,
24,EC2401024,1,FE101,Engineering Mathematics - I,4,13.8,13.1,39.9,17.2,,66.8,C,7.0,False,False,76.6,0.0,
24,EC2401024,1,FE102,Engineering Physics - I,3,14.7,14.0,42.6,18.4,18.4,71.3,B,8.0,False,False,79.8,0.0,
24,EC2401024,1,FE103,Engineering Chemistry - I,3,16.7,15.9,48.5,20.9,,81.1,O,10.0,False,False,83.6,0.0,
24,EC2401024,1,FE104,Engineering Mechanics,4,11.3,10.7,32.8,14.1,14.1,54.8,D,6.0,False,False,80.1,0.0,
24,EC2401024,1,FE105,Basic Electrical & Electronics (BEE),4,16.8,16.0,48.7,21.0,21.0,81.5,O,10.0,False,False,78.3,0.0,
24,EC2401024,1,FE106,Basic Workshop Practice - I,1,16.8,16.0,48.8,42.1,,81.6,O,10.0,False,False,75.7,0.0,
24,EC2401024,2,FE201,Engineering Mathematics - II,4,11.3,10.8,32.9,14.2,,55.0,D,6.0,False,False,79.1,0.0,
24,EC2401024,2,FE202,Engineering Physics - II,3,9.7,9.2,28.2,12.2,12.2,47.1,P,4.0,False,False,79.8,0.0,
24,EC2401024,2,FE203,Engineering Chemistry - II,3,10.3,9.8,29.8,12.9,,49.9,P,4.0,False,False,78.7,0.0,
24,EC2401024,2,FE204,Engineering Graphics & Design,3,12.4,11.8,35.9,30.9,15.5,60.1,C,7.0,False,False,81.9,0.0,
24,EC2401024,2,FE205,C Programming & Problem Solving,3,12.4,11.8,35.9,15.5,15.5,60.1,C,7.0,False,False,79.3,0.0,
24,EC2401024,2,FE206,Professional Communication - I,2,10.4,9.9,30.1,13.0,,50.4,D,6.0,False,False,77.2,0.0,
24,EC2401024,3,CS301,Engineering Mathematics - III,4,9.2,8.7,26.6,11.5,,44.5,P,4.0,False,False,80.5,0.0,
24,EC2401024,3,CS302,Data Structures & Algorithms,4,9.5,9.1,27.7,11.9,11.9,46.3,P,4.0,False,False,79.6,0.0,
24,EC2401024,3,CS303,Digital Logic & Computer Architecture,3,8.0,7.6,24.0,10.0,,39.6,F,0.0,True,False,85.0,0.8,O.5042 (Grace)
24,EC2401024,3,CS304,Object Oriented Programming with Java,3,7.9,7.5,24.0,9.8,9.8,39.4,F,0.0,True,False,80.7,1.2,O.5042 (Grace)
24,EC2401024,3,CS305,Principles of Communication,3,10.7,10.1,30.9,13.3,,51.7,D,6.0,False,False,75.2,0.0,
25,EC2401025,1,FE101,Engineering Mathematics - I,4,15.3,14.6,44.5,19.2,,74.4,B,8.0,False,False,73.7,0.0,
25,EC2401025,1,FE102,Engineering Physics - I,3,14.1,13.4,40.8,17.6,17.6,68.3,C,7.0,False,False,75.7,0.0,
25,EC2401025,1,FE103,Engineering Chemistry - I,3,17.4,16.6,50.6,21.8,,84.6,O,10.0,False,False,79.2,0.0,
25,EC2401025,1,FE104,Engineering Mechanics,4,14.3,13.6,41.5,17.9,17.9,69.4,C,7.0,False,False,68.5,0.0,
25,EC2401025,1,FE105,Basic Electrical & Electronics (BEE),4,17.6,16.7,51.0,22.0,22.0,85.3,O,10.0,False,False,77.3,0.0,
25,EC2401025,1,FE106,Basic Workshop Practice - I,1,17.6,16.8,51.1,44.1,,85.5,O,10.0,False,False,78.3,0.0,
25,EC2401025,2,FE201,Engineering Mathematics - II,4,11.9,11.3,34.5,14.9,,57.7,D,6.0,False,False,88.3,0.0,
25,EC2401025,2,FE202,Engineering Physics - II,3,12.6,11.9,36.5,15.7,15.7,61.0,C,7.0,False,False,89.7,0.0,
25,EC2401025,2,FE203,Engineering Chemistry - II,3,16.9,16.0,48.9,21.1,,81.8,O,10.0,False,False,88.7,0.0,
25,EC2401025,2,FE204,Engineering Graphics & Design,3,16.1,15.3,46.7,40.3,20.1,78.1,A,9.0,False,False,84.0,0.0,
25,EC2401025,2,FE205,C Programming & Problem Solving,3,14.6,13.9,42.4,18.3,18.3,70.9,B,8.0,False,False,86.4,0.0,
25,EC2401025,2,FE206,Professional Communication - I,2,13.5,12.8,39.2,16.9,,65.5,C,7.0,False,False,83.1,0.0,
25,EC2401025,3,CS301,Engineering Mathematics - III,4,7.3,7.0,24.0,9.2,,38.3,F,0.0,True,False,72.7,2.7,O.5042 (Grace)
25,EC2401025,3,CS302,Data Structures & Algorithms,4,10.8,10.2,31.3,13.5,13.5,52.3,D,6.0,False,False,68.9,0.0,
25,EC2401025,3,CS303,Digital Logic & Computer Architecture,3,10.2,9.7,29.5,12.7,,49.4,P,4.0,False,False,71.0,0.0,
25,EC2401025,3,CS304,Object Oriented Programming with Java,3,9.5,9.0,27.6,11.9,11.9,46.1,P,4.0,False,False,73.8,0.0,
25,EC2401025,3,CS305,Principles of Communication,3,7.8,7.4,24.0,9.8,,39.2,F,0.0,True,False,77.0,1.4,O.5042 (Grace)
26,EC2401026,1,FE101,Engineering Mathematics - I,4,10.3,9.8,29.9,12.9,,50.0,D,6.0,False,False,91.8,0.0,
26,EC2401026,1,FE102,Engineering Physics - I,3,9.7,9.2,28.2,12.1,12.1,47.1,P,4.0,False,False,91.2,0.0,
26,EC2401026,1,FE103,Engineering Chemistry - I,3,14.3,13.5,41.4,17.8,,69.2,C,7.0,False,False,88.0,0.0,
26,EC2401026,1,FE104,Engineering Mechanics,4,13.2,12.6,38.4,16.5,16.5,64.2,C,7.0,False,False,94.5,0.0,
26,EC2401026,1,FE105,Basic Electrical & Electronics (BEE),4,11.0,10.5,32.0,13.8,13.8,53.5,D,6.0,False,False,93.0,0.0,
26,EC2401026,1,FE106,Basic Workshop Practice - I,1,13.9,13.2,40.4,34.9,,67.5,C,7.0,False,False,93.4,0.0,
26,EC2401026,2,FE201,Engineering Mathematics - II,4,11.3,10.7,32.7,14.1,,54.7,D,6.0,False,False,77.4,0.0,
26,EC2401026,2,FE202,Engineering Physics - II,3,13.4,12.7,38.9,16.7,16.7,65.0,C,7.0,False,False,83.1,0.0,
26,EC2401026,2,FE203,Engineering Chemistry - II,3,14.8,14.1,43.0,18.5,,71.9,B,8.0,False,False,78.7,0.0,
26,EC2401026,2,FE204,Engineering Graphics & Design,3,11.9,11.4,34.6,29.9,14.9,57.9,D,6.0,False,False,77.6,0.0,
26,EC2401026,2,FE205,C Programming & Problem Solving,3,11.9,11.3,34.5,14.9,14.9,57.7,D,6.0,False,False,83.0,0.0,
26,EC2401026,2,FE206,Professional Communication - I,2,9.8,9.3,28.4,12.3,,47.5,P,4.0,False,False,85.0,0.0,
26,EC2401026,3,CS301,Engineering Mathematics - III,4,11.6,11.0,33.7,14.5,,56.3,D,6.0,False,False,83.8,0.0,
26,EC2401026,3,CS302,Data Structures & Algorithms,4,15.1,14.3,43.8,18.9,18.9,73.2,B,8.0,False,False,85.6,0.0,
26,EC2401026,3,CS303,Digital Logic & Computer Architecture,3,13.0,12.4,37.7,16.3,,63.1,C,7.0,False,False,82.7,0.0,
26,EC2401026,3,CS304,Object Oriented Programming with Java,3,14.0,13.3,40.5,17.5,17.5,67.8,C,7.0,False,False,87.1,0.0,
26,EC2401026,3,CS305,Principles of Communication,3,14.1,13.4,41.0,17.7,,68.5,C,7.0,False,False,85.8,0.0,
26,EC2401026,4,CS401,Engineering Mathematics - IV,4,10.9,10.3,31.5,13.6,,52.7,D,6.0,False,False,83.5,0.0,
26,EC2401026,4,CS402,Analysis of Algorithms,4,16.2,15.4,46.9,20.2,20.2,78.5,A,9.0,False,False,74.4,0.0,
26,EC2401026,4,CS403,Database Management Systems,4,11.1,10.5,32.1,13.8,13.8,53.7,D,6.0,False,False,81.2,0.0,
26,EC2401026,4,CS404,Operating Systems,3,15.6,14.8,45.2,19.5,19.5,75.6,A,9.0,False,False,72.9,0.0,
26,EC2401026,4,CS405,Microprocessor & Embedded Systems,3,10.9,10.3,31.5,13.6,,52.7,D,6.0,False,False,78.9,0.0,
26,EC2401026,5,CS501,Theoretical Computer Science & Automata,4,10.8,10.3,31.4,13.5,,52.5,D,6.0,False,False,65.5,0.0,
26,EC2401026,5,CS502,Software Engineering & Agile,3,11.4,10.9,33.2,14.3,,55.5,D,6.0,False,False,65.7,0.0,
26,EC2401026,5,CS503,Computer Networks & Security,4,12.3,11.7,35.7,15.4,15.4,59.7,D,6.0,False,False,69.3,0.0,
26,EC2401026,5,CS504,Data Warehousing & Mining,3,9.9,9.4,28.6,12.3,12.3,47.9,P,4.0,False,False,71.6,0.0,
26,EC2401026,5,CS505,Professional Ethics & Indian Constitution,2,10.7,10.2,31.2,13.4,,52.1,D,6.0,False,False,70.3,0.0,
27,EC2401027,1,FE101,Engineering Mathematics - I,4,15.4,14.7,44.8,19.3,,74.9,B,8.0,False,False,83.0,0.0,
27,EC2401027,1,FE102,Engineering Physics - I,3,15.5,14.7,45.0,19.4,19.4,75.2,A,9.0,False,False,86.5,0.0,
27,EC2401027,1,FE103,Engineering Chemistry - I,3,16.1,15.3,46.8,20.2,,78.2,A,9.0,False,False,81.4,0.0,
27,EC2401027,1,FE104,Engineering Mechanics,4,15.9,15.1,46.2,19.9,19.9,77.2,A,9.0,False,False,88.3,0.0,
27,EC2401027,1,FE105,Basic Electrical & Electronics (BEE),4,13.3,12.6,38.5,16.6,16.6,64.4,C,7.0,False,False,81.2,0.0,
27,EC2401027,1,FE106,Basic Workshop Practice - I,1,13.5,12.8,39.2,33.8,,65.5,C,7.0,False,False,91.3,0.0,
27,EC2401027,2,FE201,Engineering Mathematics - II,4,16.4,15.6,47.6,20.5,,79.6,A,9.0,False,False,83.0,0.0,
27,EC2401027,2,FE202,Engineering Physics - II,3,15.1,14.3,43.7,18.8,18.8,73.1,B,8.0,False,False,79.1,0.0,
27,EC2401027,2,FE203,Engineering Chemistry - II,3,13.0,12.4,37.8,16.3,,63.2,C,7.0,False,False,84.4,0.0,
27,EC2401027,2,FE204,Engineering Graphics & Design,3,15.1,14.3,43.7,37.7,18.9,73.1,B,8.0,False,False,78.2,0.0,
27,EC2401027,2,FE205,C Programming & Problem Solving,3,12.7,12.1,37.0,15.9,15.9,61.8,C,7.0,False,False,82.9,0.0,
27,EC2401027,2,FE206,Professional Communication - I,2,15.9,15.1,46.2,19.9,,77.2,A,9.0,False,False,84.4,0.0,
27,EC2401027,3,CS301,Engineering Mathematics - III,4,11.0,10.5,31.9,13.8,,53.4,D,6.0,False,False,90.4,0.0,
27,EC2401027,3,CS302,Data Structures & Algorithms,4,10.5,9.9,30.3,13.1,13.1,50.7,D,6.0,False,False,83.5,0.0,
27,EC2401027,3,CS303,Digital Logic & Computer Architecture,3,11.9,11.3,34.4,14.8,,57.6,D,6.0,False,False,84.2,0.0,
27,EC2401027,3,CS304,Object Oriented Programming with Java,3,12.2,11.6,35.5,15.3,15.3,59.3,D,6.0,False,False,82.0,0.0,
27,EC2401027,3,CS305,Principles of Communication,3,12.3,11.7,35.7,15.4,,59.7,D,6.0,False,False,91.9,0.0,
27,EC2401027,4,CS401,Engineering Mathematics - IV,4,14.9,14.2,43.3,18.7,,72.4,B,8.0,False,False,86.0,0.0,
27,EC2401027,4,CS402,Analysis of Algorithms,4,13.2,12.5,38.2,16.5,16.5,63.9,C,7.0,False,False,83.5,0.0,
27,EC2401027,4,CS403,Database Management Systems,4,11.4,10.8,33.0,14.2,14.2,55.2,D,6.0,False,False,81.4,0.0,
27,EC2401027,4,CS404,Operating Systems,3,15.4,14.6,44.5,19.2,19.2,74.5,B,8.0,False,False,85.7,0.0,
27,EC2401027,4,CS405,Microprocessor & Embedded Systems,3,14.8,14.1,42.9,18.5,,71.8,B,8.0,False,False,85.3,0.0,
27,EC2401027,5,CS501,Theoretical Computer Science & Automata,4,9.0,8.6,26.1,11.3,,43.7,P,4.0,False,False,59.7,0.0,
27,EC2401027,5,CS502,Software Engineering & Agile,3,8.5,8.1,24.7,10.6,,41.3,P,4.0,False,False,61.6,0.0,
27,EC2401027,5,CS503,Computer Networks & Security,4,8.8,8.4,25.6,11.0,11.0,42.8,P,4.0,False,False,62.9,0.0,
27,EC2401027,5,CS504,Data Warehousing & Mining,3,10.2,9.7,29.7,12.8,12.8,49.6,P,4.0,False,False,52.2,0.0,
27,EC2401027,5,CS505,Professional Ethics & Indian Constitution,2,8.2,7.8,24.0,10.3,,40.0,P,4.0,False,False,54.5,0.2,O.5042 (Grace)
28,EC2401028,1,FE101,Engineering Mathematics - I,4,15.3,14.6,44.5,19.2,,74.4,B,8.0,False,False,80.5,0.0,
28,EC2401028,1,FE102,Engineering Physics - I,3,15.3,14.5,44.3,19.1,19.1,74.1,B,8.0,False,False,75.5,0.0,
28,EC2401028,1,FE103,Engineering Chemistry - I,3,16.9,16.1,49.0,21.1,,82.0,O,10.0,False,False,79.3,0.0,
28,EC2401028,1,FE104,Engineering Mechanics,4,17.2,16.3,49.8,21.5,21.5,83.3,O,10.0,False,False,71.1,0.0,
28,EC2401028,1,FE105,Basic Electrical & Electronics (BEE),4,15.0,14.2,43.4,18.7,18.7,72.6,B,8.0,False,False,76.2,0.0,
28,EC2401028,1,FE106,Basic Workshop Practice - I,1,12.3,11.7,35.8,30.9,,59.8,D,6.0,False,False,76.8,0.0,
28,EC2401028,2,FE201,Engineering Mathematics - II,4,14.3,13.6,41.5,17.9,,69.4,C,7.0,False,False,84.0,0.0,
28,EC2401028,2,FE202,Engineering Physics - II,3,15.4,14.6,44.6,19.2,19.2,74.6,B,8.0,False,False,73.7,0.0,
28,EC2401028,2,FE203,Engineering Chemistry - II,3,12.1,11.5,35.1,15.1,,58.7,D,6.0,False,False,73.6,0.0,
28,EC2401028,2,FE204,Engineering Graphics & Design,3,14.3,13.5,41.3,35.6,17.8,69.1,C,7.0,False,False,83.6,0.0,
28,EC2401028,2,FE205,C Programming & Problem Solving,3,16.0,15.2,46.3,19.9,19.9,77.5,A,9.0,False,False,75.1,0.0,
28,EC2401028,2,FE206,Professional Communication - I,2,14.5,13.8,42.2,18.2,,70.5,B,8.0,False,False,79.3,0.0,
28,EC2401028,3,CS301,Engineering Mathematics - III,4,12.7,12.1,36.8,15.9,,61.6,C,7.0,False,False,78.9,0.0,
28,EC2401028,3,CS302,Data Structures & Algorithms,4,13.3,12.7,38.7,16.7,16.7,64.7,C,7.0,False,False,89.0,0.0,
28,EC2401028,3,CS303,Digital Logic & Computer Architecture,3,15.4,14.6,44.7,19.2,,74.7,B,8.0,False,False,84.9,0.0,
28,EC2401028,3,CS304,Object Oriented Programming with Java,3,17.6,16.8,51.2,22.0,22.0,85.6,O,10.0,False,False,83.3,0.0,
28,EC2401028,3,CS305,Principles of Communication,3,13.2,12.6,38.4,16.5,,64.2,C,7.0,False,False,86.9,0.0,
28,EC2401028,4,CS401,Engineering Mathematics - IV,4,11.0,10.4,31.9,13.7,,53.3,D,6.0,False,False,74.4,0.0,
28,EC2401028,4,CS402,Analysis of Algorithms,4,10.9,10.4,31.6,13.6,13.6,52.9,D,6.0,False,False,74.1,0.0,
28,EC2401028,4,CS403,Database Management Systems,4,12.7,12.0,36.7,15.8,15.8,61.4,C,7.0,False,False,76.1,0.0,
28,EC2401028,4,CS404,Operating Systems,3,13.3,12.6,38.6,16.6,16.6,64.5,C,7.0,False,False,73.3,0.0,
28,EC2401028,4,CS405,Microprocessor & Embedded Systems,3,15.0,14.2,43.4,18.7,,72.6,B,8.0,False,False,74.1,0.0,
28,EC2401028,5,CS501,Theoretical Computer Science & Automata,4,11.3,10.8,32.9,14.2,,55.0,D,6.0,False,False,61.0,0.0,
28,EC2401028,5,CS502,Software Engineering & Agile,3,10.0,9.5,29.0,12.5,,48.5,P,4.0,False,False,59.9,0.0,
28,EC2401028,5,CS503,Computer Networks & Security,4,12.3,11.7,35.6,15.4,15.4,59.6,D,6.0,False,False,55.7,0.0,
28,EC2401028,5,CS504,Data Warehousing & Mining,3,9.8,9.4,28.6,12.3,12.3,47.8,P,4.0,False,False,55.7,0.0,
28,EC2401028,5,CS505,Professional Ethics & Indian Constitution,2,12.5,11.8,36.1,15.6,,60.4,C,7.0,False,False,63.2,0.0,
29,EC2401029,1,FE101,Engineering Mathematics - I,4,18.1,17.2,52.4,22.6,,87.7,O,10.0,False,False,79.7,0.0,
29,EC2401029,1,FE102,Engineering Physics - I,3,16.2,15.4,46.9,20.2,20.2,78.5,A,9.0,False,False,75.7,0.0,
29,EC2401029,1,FE103,Engineering Chemistry - I,3,16.7,15.8,48.3,20.8,,80.8,O,10.0,False,False,72.1,0.0,
29,EC2401029,1,FE104,Engineering Mechanics,4,14.5,13.8,42.1,18.2,18.2,70.4,B,8.0,False,False,77.0,0.0,
29,EC2401029,1,FE105,Basic Electrical & Electronics (BEE),4,17.2,16.3,49.9,21.5,21.5,83.4,O,10.0,False,False,79.1,0.0,
29,EC2401029,1,FE106,Basic Workshop Practice - I,1,13.5,12.8,39.1,33.7,,65.4,C,7.0,False,False,75.9,0.0,
29,EC2401029,2,FE201,Engineering Mathematics - II,4,11.1,10.5,32.1,13.8,,53.7,D,6.0,False,False,91.2,0.0,
29,EC2401029,2,FE202,Engineering Physics - II,3,13.0,12.3,37.6,16.2,16.2,62.9,C,7.0,False,False,94.6,0.0,
29,EC2401029,2,FE203,Engineering Chemistry - II,3,11.6,11.1,33.8,14.5,,56.5,D,6.0,False,False,91.9,0.0,
29,EC2401029,2,FE204,Engineering Graphics & Design,3,13.3,12.7,38.6,33.3,16.7,64.6,C,7.0,False,False,89.2,0.0,
29,EC2401029,2,FE205,C Programming & Problem Solving,3,14.2,13.5,41.1,17.7,17.7,68.8,C,7.0,False,False,87.7,0.0,
29,EC2401029,2,FE206,Professional Communication - I,2,15.3,14.5,44.2,19.1,,74.0,B,8.0,False,False,89.0,0.0,
29,EC2401029,3,CS301,Engineering Mathematics - III,4,13.6,12.9,39.5,17.0,,66.0,C,7.0,False,False,86.3,0.0,
29,EC2401029,3,CS302,Data Structures & Algorithms,4,10.7,10.2,31.1,13.4,13.4,52.0,D,6.0,False,False,84.8,0.0,
29,EC2401029,3,CS303,Digital Logic & Computer Architecture,3,13.4,12.7,38.8,16.7,,64.9,C,7.0,False,False,93.5,0.0,
29,EC2401029,3,CS304,Object Oriented Programming with Java,3,13.7,13.0,39.7,17.1,17.1,66.4,C,7.0,False,False,84.8,0.0,
29,EC2401029,3,CS305,Principles of Communication,3,13.2,12.5,38.3,16.5,,64.0,C,7.0,False,False,84.6,0.0,
29,EC2401029,4,CS401,Engineering Mathematics - IV,4,13.7,13.0,39.6,17.1,,66.3,C,7.0,False,False,81.0,0.0,
29,EC2401029,4,CS402,Analysis of Algorithms,4,12.0,11.4,34.8,15.0,15.0,58.2,D,6.0,False,False,89.2,0.0,
29,EC2401029,4,CS403,Database Management Systems,4,13.3,12.7,38.6,16.7,16.7,64.6,C,7.0,False,False,87.5,0.0,
29,EC2401029,4,CS404,Operating Systems,3,15.8,15.0,45.9,19.8,19.8,76.7,A,9.0,False,False,83.1,0.0,
29,EC2401029,4,CS405,Microprocessor & Embedded Systems,3,15.6,14.8,45.3,19.5,,75.7,A,9.0,False,False,88.4,0.0,
29,EC2401029,5,CS501,Theoretical Computer Science & Automata,4,11.6,11.0,33.5,14.4,,56.1,D,6.0,False,False,80.2,0.0,
29,EC2401029,5,CS502,Software Engineering & Agile,3,12.6,12.0,36.6,15.8,,61.2,C,7.0,False,False,78.3,0.0,
29,EC2401029,5,CS503,Computer Networks & Security,4,13.2,12.5,38.2,16.5,16.5,63.9,C,7.0,False,False,73.2,0.0,
29,EC2401029,5,CS504,Data Warehousing & Mining,3,11.4,10.8,33.1,14.3,14.3,55.3,D,6.0,False,False,75.1,0.0,
29,EC2401029,5,CS505,Professional Ethics & Indian Constitution,2,15.1,14.3,43.7,18.8,,73.1,B,8.0,False,False,75.5,0.0,
29,EC2401029,6,CS601,Machine Learning & Pattern Recognition,4,15.4,14.6,44.6,19.2,19.2,74.6,B,8.0,False,False,89.2,0.0,
29,EC2401029,6,CS602,Cryptography & System Security,4,12.6,12.0,36.6,15.8,15.8,61.2,C,7.0,False,False,85.3,0.0,
29,EC2401029,6,CS603,Mobile Application Development,3,12.8,12.2,37.2,16.1,,62.2,C,7.0,False,False,85.4,0.0,
29,EC2401029,6,CS604,Cloud Computing & Virtualization,3,14.2,13.4,41.0,17.7,17.7,68.6,C,7.0,False,False,84.1,0.0,
29,EC2401029,6,CS605,Mini Project 2A,2,11.3,10.7,32.7,14.1,14.1,54.7,D,6.0,False,False,87.8,0.0,
29,EC2401029,7,CS701,Artificial Intelligence & Soft Computing,4,13.6,12.9,39.5,17.0,17.0,66.0,C,7.0,False,False,68.0,0.0,
29,EC2401029,7,CS702,Big Data Analytics & Engineering,3,14.1,13.4,40.9,17.6,17.6,68.4,C,7.0,False,False,65.5,0.0,
29,EC2401029,7,CS703,Natural Language Processing (Elective I),3,14.9,14.1,43.1,18.6,,72.1,B,8.0,False,False,64.9,0.0,
29,EC2401029,7,CS704,Cyber Law & Information Security (Elective II),3,14.1,13.4,40.9,17.6,,68.4,C,7.0,False,False,62.7,0.0,
29,EC2401029,7,CS705,Major Project - Stage I,3,13.0,12.4,37.8,32.5,16.3,63.2,C,7.0,False,False,62.5,0.0,
30,EC2401030,1,FE101,Engineering Mathematics - I,4,11.4,10.8,32.9,14.2,,55.1,D,6.0,False,False,81.8,0.0,
30,EC2401030,1,FE102,Engineering Physics - I,3,14.8,14.1,43.0,18.5,18.5,71.9,B,8.0,False,False,81.4,0.0,
30,EC2401030,1,FE103,Engineering Chemistry - I,3,12.6,12.0,36.5,15.7,,61.1,C,7.0,False,False,87.4,0.0,
30,EC2401030,1,FE104,Engineering Mechanics,4,11.8,11.2,34.1,14.7,14.7,57.1,D,6.0,False,False,81.0,0.0,
30,EC2401030,1,FE105,Basic Electrical & Electronics (BEE),4,13.4,12.8,39.0,16.8,16.8,65.2,C,7.0,False,False,90.1,0.0,
30,EC2401030,1,FE106,Basic Workshop Practice - I,1,12.6,12.0,36.6,31.5,,61.2,C,7.0,False,False,86.3,0.0,
30,EC2401030,2,FE201,Engineering Mathematics - II,4,15.4,14.6,44.7,19.3,,74.7,B,8.0,False,False,80.2,0.0,
30,EC2401030,2,FE202,Engineering Physics - II,3,15.6,14.8,45.2,19.5,19.5,75.6,A,9.0,False,False,89.9,0.0,
30,EC2401030,2,FE203,Engineering Chemistry - II,3,16.3,15.5,47.2,20.4,,79.0,A,9.0,False,False,86.4,0.0,
30,EC2401030,2,FE204,Engineering Graphics & Design,3,16.4,15.6,47.5,40.9,20.5,79.5,A,9.0,False,False,87.8,0.0,
30,EC2401030,2,FE205,C Programming & Problem Solving,3,14.0,13.3,40.7,17.5,17.5,68.0,C,7.0,False,False,80.3,0.0,
30,EC2401030,2,FE206,Professional Communication - I,2,15.6,14.8,45.1,19.4,,75.5,A,9.0,False,False,81.6,0.0,
30,EC2401030,3,CS301,Engineering Mathematics - III,4,14.4,13.6,41.7,18.0,,69.7,C,7.0,False,False,94.6,0.0,
30,EC2401030,3,CS302,Data Structures & Algorithms,4,14.4,13.7,41.8,18.0,18.0,69.9,C,7.0,False,False,84.1,0.0,
30,EC2401030,3,CS303,Digital Logic & Computer Architecture,3,12.1,11.5,35.0,15.1,,58.6,D,6.0,False,False,89.6,0.0,
30,EC2401030,3,CS304,Object Oriented Programming with Java,3,9.5,9.0,27.4,11.8,11.8,45.9,P,4.0,False,False,91.6,0.0,
30,EC2401030,3,CS305,Principles of Communication,3,11.8,11.2,34.3,14.8,,57.3,D,6.0,False,False,85.6,0.0,
30,EC2401030,4,CS401,Engineering Mathematics - IV,4,10.1,9.6,29.2,12.6,,48.9,P,4.0,False,False,71.8,0.0,
30,EC2401030,4,CS402,Analysis of Algorithms,4,12.9,12.2,37.4,16.1,16.1,62.5,C,7.0,False,False,83.0,0.0,
30,EC2401030,4,CS403,Database Management Systems,4,9.8,9.3,28.3,12.2,12.2,47.4,P,4.0,False,False,75.4,0.0,
30,EC2401030,4,CS404,Operating Systems,3,11.5,11.0,33.5,14.4,14.4,56.0,D,6.0,False,False,82.5,0.0,
30,EC2401030,4,CS405,Microprocessor & Embedded Systems,3,9.5,9.1,27.6,11.9,,46.2,P,4.0,False,False,77.8,0.0,
30,EC2401030,5,CS501,Theoretical Computer Science & Automata,4,14.1,13.4,41.0,17.7,,68.5,C,7.0,False,False,95.5,0.0,
30,EC2401030,5,CS502,Software Engineering & Agile,3,16.1,15.3,46.6,20.1,,78.0,A,9.0,False,False,94.3,0.0,
30,EC2401030,5,CS503,Computer Networks & Security,4,13.8,13.1,39.9,17.2,17.2,66.8,C,7.0,False,False,93.7,0.0,
30,EC2401030,5,CS504,Data Warehousing & Mining,3,12.2,11.6,35.4,15.2,15.2,59.2,D,6.0,False,False,96.0,0.0,
30,EC2401030,5,CS505,Professional Ethics & Indian Constitution,2,15.9,15.1,46.1,19.9,,77.1,A,9.0,False,False,90.6,0.0,
30,EC2401030,6,CS601,Machine Learning & Pattern Recognition,4,12.9,12.2,37.3,16.1,16.1,62.4,C,7.0,False,False,87.3,0.0,
30,EC2401030,6,CS602,Cryptography & System Security,4,15.2,14.4,44.0,19.0,19.0,73.6,B,8.0,False,False,87.9,0.0,
30,EC2401030,6,CS603,Mobile Application Development,3,13.0,12.3,37.6,16.2,,62.9,C,7.0,False,False,93.1,0.0,
30,EC2401030,6,CS604,Cloud Computing & Virtualization,3,11.3,10.8,32.8,14.2,14.2,54.9,D,6.0,False,False,92.9,0.0,
30,EC2401030,6,CS605,Mini Project 2A,2,12.4,11.8,35.9,15.5,15.5,60.1,C,7.0,False,False,88.2,0.0,
30,EC2401030,7,CS701,Artificial Intelligence & Soft Computing,4,9.2,8.7,26.7,11.5,11.5,44.6,P,4.0,False,False,75.7,0.0,
30,EC2401030,7,CS702,Big Data Analytics & Engineering,3,7.9,7.5,24.0,9.9,9.9,39.4,F,0.0,True,False,79.7,1.0,O.5042 (Grace)
30,EC2401030,7,CS703,Natural Language Processing (Elective I),3,8.1,7.7,24.0,10.1,,39.8,F,0.0,True,False,82.1,0.5,O.5042 (Grace)
30,EC2401030,7,CS704,Cyber Law & Information Security (Elective II),3,9.8,9.3,28.5,12.3,,47.6,P,4.0,False,False,79.6,0.0,
30,EC2401030,7,CS705,Major Project - Stage I,3,7.8,7.4,24.0,19.5,9.7,39.2,F,0.0,True,False,85.3,1.4,O.5042 (Grace)
31,49,1,FE101,Engineering Mathematics - I,4,12.8,12.2,37.2,16.0,,62.2,C,7.0,False,False,95.5,0.0,
31,49,1,FE102,Engineering Physics - I,3,12.4,11.8,35.9,15.5,15.5,60.1,C,7.0,False,False,91.3,0.0,
31,49,1,FE103,Engineering Chemistry - I,3,10.8,10.3,31.3,13.5,,52.4,D,6.0,False,False,89.5,0.0,
31,49,1,FE104,Engineering Mechanics,4,10.4,9.9,30.2,13.0,13.0,50.5,D,6.0,False,False,86.8,0.0,
31,49,1,FE105,Basic Electrical & Electronics (BEE),4,12.4,11.8,35.9,15.5,15.5,60.1,C,7.0,False,False,91.3,0.0,
31,49,1,FE106,Basic Workshop Practice - I,1,15.9,15.1,46.2,39.9,,77.2,A,9.0,False,False,94.5,0.0,
31,49,2,FE201,Engineering Mathematics - II,4,17.0,16.1,49.2,21.2,,82.3,O,10.0,False,False,92.5,0.0,
31,49,2,FE202,Engineering Physics - II,3,18.3,17.4,53.0,22.9,22.9,88.7,O,10.0,False,False,83.7,0.0,
31,49,2,FE203,Engineering Chemistry - II,3,15.2,14.4,44.1,19.0,,73.7,B,8.0,False,False,86.6,0.0,
31,49,2,FE204,Engineering Graphics & Design,3,15.8,15.0,45.7,39.4,19.7,76.5,A,9.0,False,False,91.7,0.0,
31,49,2,FE205,C Programming & Problem Solving,3,12.3,11.6,35.5,15.3,15.3,59.4,D,6.0,False,False,88.2,0.0,
31,49,2,FE206,Professional Communication - I,2,14.3,13.6,41.4,17.9,,69.3,C,7.0,False,False,83.7,0.0,
31,49,3,CS301,Engineering Mathematics - III,4,12.9,12.3,37.4,16.1,,62.6,C,7.0,False,False,80.8,0.0,
31,49,3,CS302,Data Structures & Algorithms,4,18.4,17.4,53.2,23.0,23.0,89.0,O,10.0,False,False,71.5,0.0,
31,49,3,CS303,Digital Logic & Computer Architecture,3,14.1,13.4,41.0,17.7,,68.5,C,7.0,False,False,81.1,0.0,
31,49,3,CS304,Object Oriented Programming with Java,3,14.2,13.5,41.2,17.8,17.8,68.9,C,7.0,False,False,73.2,0.0,
31,49,3,CS305,Principles of Communication,3,17.6,16.7,50.9,21.9,,85.2,O,10.0,False,False,73.5,0.0,
31,49,4,CS401,Engineering Mathematics - IV,4,18.5,17.6,53.8,23.2,,89.9,O,10.0,False,False,81.4,0.0,
31,49,4,CS402,Analysis of Algorithms,4,15.4,14.6,44.6,19.2,19.2,74.6,B,8.0,False,False,85.5,0.0,
31,49,4,CS403,Database Management Systems,4,13.3,12.6,38.6,16.6,16.6,64.5,C,7.0,False,False,83.7,0.0,
31,49,4,CS404,Operating Systems,3,13.2,12.6,38.4,16.6,16.6,64.2,C,7.0,False,False,88.8,0.0,
31,49,4,CS405,Microprocessor & Embedded Systems,3,17.1,16.2,49.6,21.4,,82.9,O,10.0,False,False,92.1,0.0,
31,49,5,CS501,Theoretical Computer Science & Automata,4,7.9,7.5,24.0,9.9,,39.4,F,0.0,True,False,69.3,1.1,O.5042 (Grace)
31,49,5,CS502,Software Engineering & Agile,3,8.2,7.8,24.0,10.3,,40.0,P,4.0,False,False,63.8,0.1,O.5042 (Grace)
31,49,5,CS503,Computer Networks & Security,4,10.1,9.6,29.3,12.7,12.7,49.0,P,4.0,False,False,63.2,0.0,
31,49,5,CS504,Data Warehousing & Mining,3,9.2,8.7,26.7,11.5,11.5,44.6,P,4.0,False,False,66.2,0.0,
31,49,5,CS505,Professional Ethics & Indian Constitution,2,10.1,9.6,29.4,12.7,,49.1,P,4.0,False,False,62.8,0.0,
32,DEMO,1,FE101,Engineering Mathematics - I,4,12.3,11.7,35.6,15.3,,59.6,D,6.0,False,False,81.4,0.0,
32,DEMO,1,FE102,Engineering Physics - I,3,15.3,14.5,44.2,19.1,19.1,74.0,B,8.0,False,False,79.5,0.0,
32,DEMO,1,FE103,Engineering Chemistry - I,3,14.1,13.4,40.8,17.6,,68.3,C,7.0,False,False,80.5,0.0,
32,DEMO,1,FE104,Engineering Mechanics,4,12.0,11.4,34.9,15.1,15.1,58.3,D,6.0,False,False,74.3,0.0,
32,DEMO,1,FE105,Basic Electrical & Electronics (BEE),4,15.4,14.7,44.8,19.3,19.3,74.9,B,8.0,False,False,73.5,0.0,
32,DEMO,1,FE106,Basic Workshop Practice - I,1,14.4,13.6,41.7,35.9,,69.7,C,7.0,False,False,82.2,0.0,
33,DEMO001,1,FE101,Engineering Mathematics - I,4,12.2,11.6,35.5,15.3,,59.3,D,6.0,False,False,91.5,0.0,
33,DEMO001,1,FE102,Engineering Physics - I,3,12.4,11.8,36.0,15.5,15.5,60.2,C,7.0,False,False,83.5,0.0,
33,DEMO001,1,FE103,Engineering Chemistry - I,3,10.2,9.7,29.5,12.7,,49.4,P,4.0,False,False,80.7,0.0,
33,DEMO001,1,FE104,Engineering Mechanics,4,14.9,14.1,43.1,18.6,18.6,72.1,B,8.0,False,False,81.0,0.0,
33,DEMO001,1,FE105,Basic Electrical & Electronics (BEE),4,14.6,13.9,42.5,18.3,18.3,71.0,B,8.0,False,False,86.4,0.0,
33,DEMO001,1,FE106,Basic Workshop Practice - I,1,11.8,11.2,34.2,29.5,,57.2,D,6.0,False,False,89.8,0.0,
34,DEMO002,1,FE101,Engineering Mathematics - I,4,17.1,16.2,49.5,21.3,,82.8,O,10.0,False,False,77.2,0.0,
34,DEMO002,1,FE102,Engineering Physics - I,3,12.7,12.0,36.7,15.8,15.8,61.4,C,7.0,False,False,73.8,0.0,
34,DEMO002,1,FE103,Engineering Chemistry - I,3,15.1,14.4,43.9,18.9,,73.4,B,8.0,False,False,75.9,0.0,
34,DEMO002,1,FE104,Engineering Mechanics,4,13.7,13.0,39.6,17.1,17.1,66.3,C,7.0,False,False,66.0,0.0,
34,DEMO002,1,FE105,Basic Electrical & Electronics (BEE),4,17.1,16.2,49.6,21.4,21.4,82.9,O,10.0,False,False,72.7,0.0,
34,DEMO002,1,FE106,Basic Workshop Practice - I,1,14.4,13.7,41.9,36.1,,70.0,B,8.0,False,False,73.3,0.0,
