student_id,roll_no,term,semester,gpa,marks,attendance,failed_subjects,failed_heads,ese_failed_heads,recorded_at
1,CS2401001,SEM1,1,7.44,70.7,91.9,0,0,0,2025-11-28T16:15:50.915958+00:00
1,CS2401001,SEM2,2,6.9,65.5,87.7,0,0,0,2026-04-24T16:15:50.915958+00:00
1,CS2401001,SEM3,3,5.54,52.6,84.3,0,0,0,2026-09-23T16:15:50.915958+00:00
2,CS2401002,SEM1,1,6.65,63.2,76.7,0,0,0,2025-11-15T16:15:50.915958+00:00
2,CS2401002,SEM2,2,7.71,73.2,85.6,0,0,0,2026-04-27T16:15:50.915958+00:00
2,CS2401002,SEM3,3,6.95,66.0,73.0,0,0,0,2026-09-17T16:15:50.915958+00:00
3,CS2401003,SEM1,1,8.11,77.0,91.6,0,0,0,2025-11-19T16:15:50.915958+00:00
3,CS2401003,SEM2,2,8.02,76.2,87.5,0,0,0,2026-04-28T16:15:50.915958+00:00
3,CS2401003,SEM3,3,7.51,71.3,66.5,0,0,0,2026-09-30T16:15:50.915958+00:00
4,CS2401004,SEM1,1,7.26,69.0,86.3,0,0,0,2025-11-23T16:15:50.915958+00:00
4,CS2401004,SEM2,2,8.59,81.6,88.8,0,0,0,2026-04-25T16:15:50.915958+00:00
4,CS2401004,SEM3,3,7.55,71.7,77.2,0,0,0,2026-09-24T16:15:50.915958+00:00
5,CS2401005,SEM1,1,6.83,64.9,76.8,0,0,0,2025-11-30T16:15:50.915958+00:00
5,CS2401005,SEM2,2,8.3,78.9,87.2,0,0,0,2026-04-30T16:15:50.915958+00:00
5,CS2401005,SEM3,3,5.98,56.8,60.3,0,0,0,2026-09-16T16:15:50.915958+00:00
6,CS2401006,SEM1,1,8.07,76.7,76.1,0,0,0,2025-02-01T16:15:50.915958+00:00
6,CS2401006,SEM2,2,6.5,61.8,89.9,0,0,0,2025-06-30T16:15:50.915958+00:00
6,CS2401006,SEM3,3,7.64,72.6,87.9,0,0,0,2025-11-18T16:15:50.915958+00:00
6,CS2401006,SEM4,4,8.48,80.6,81.5,0,0,0,2026-04-24T16:15:50.915958+00:00
6,CS2401006,SEM5,5,5.88,55.9,64.7,0,0,0,2026-09-24T16:15:50.915958+00:00
7,CS2401007,SEM1,1,7.84,74.5,90.6,0,0,0,2025-01-18T16:15:50.915958+00:00
7,CS2401007,SEM2,2,7.45,70.8,87.2,0,0,0,2025-06-27T16:15:50.915958+00:00
7,CS2401007,SEM3,3,7.95,75.5,77.2,0,0,0,2025-12-02T16:15:50.915958+00:00
7,CS2401007,SEM4,4,8.06,76.6,78.4,0,0,0,2026-04-24T16:15:50.915958+00:00
7,CS2401007,SEM5,5,5.4,51.3,65.4,0,0,0,2026-09-16T16:15:50.915958+00:00
8,CS2401008,SEM1,1,8.24,78.3,87.1,0,0,0,2025-01-24T16:15:50.915958+00:00
8,CS2401008,SEM2,2,8.21,78.0,74.9,0,0,0,2025-06-29T16:15:50.915958+00:00
8,CS2401008,SEM3,3,8.59,81.6,82.6,0,0,0,2025-11-30T16:15:50.915958+00:00
8,CS2401008,SEM4,4,8.13,77.2,77.0,0,0,0,2026-04-18T16:15:50.915958+00:00
8,CS2401008,SEM5,5,7.42,70.5,70.3,0,0,0,2026-09-10T16:15:50.915958+00:00
9,CS2401009,SEM1,1,7.98,75.8,87.1,0,0,0,2025-02-03T16:15:50.915958+00:00
9,CS2401009,SEM2,2,8.14,77.3,83.9,0,0,0,2025-06-26T16:15:50.915958+00:00
9,CS2401009,SEM3,3,8.67,82.4,76.2,0,0,0,2025-11-28T16:15:50.915958+00:00
9,CS2401009,SEM4,4,8.29,78.8,88.9,0,0,0,2026-05-01T16:15:50.915958+00:00
9,CS2401009,SEM5,5,7.38,70.1,71.4,0,0,0,2026-09-29T16:15:50.915958+00:00
10,CS2401010,SEM1,1,8.04,76.4,89.4,0,0,0,2025-01-29T16:15:50.915958+00:00
10,CS2401010,SEM2,2,7.71,73.2,87.1,0,0,0,2025-06-19T16:15:50.915958+00:00
10,CS2401010,SEM3,3,6.87,65.3,85.8,0,0,0,2025-11-14T16:15:50.915958+00:00
10,CS2401010,SEM4,4,6.6,62.7,75.2,0,0,0,2026-04-22T16:15:50.915958+00:00
10,CS2401010,SEM5,5,7.81,74.2,72.4,0,0,0,2026-09-30T16:15:50.915958+00:00
11,ME2401011,SEM1,1,7.12,67.6,81.0,0,0,0,2026-05-03T16:15:50.915958+00:00
11,ME2401011,SEM2,2,6.94,65.9,77.3,0,0,0,2026-09-18T16:15:50.915958+00:00
12,ME2401012,SEM1,1,6.99,66.4,76.8,0,0,0,2026-04-28T16:15:50.915958+00:00
12,ME2401012,SEM2,2,5.1,48.4,81.1,2,2,0,2026-09-13T16:15:50.915958+00:00
13,ME2401013,SEM1,1,7.2,68.4,75.0,0,0,0,2026-05-01T16:15:50.915958+00:00
13,ME2401013,SEM2,2,6.79,64.5,79.2,0,0,0,2026-09-29T16:15:50.915958+00:00
14,ME2401014,SEM1,1,8.01,76.1,82.2,0,0,0,2025-07-07T16:15:50.915958+00:00
14,ME2401014,SEM2,2,7.51,71.3,82.0,0,0,0,2025-11-29T16:15:50.915958+00:00
14,ME2401014,SEM3,3,8.64,82.1,82.4,0,0,0,2026-04-19T16:15:50.915958+00:00
14,ME2401014,SEM4,4,5.71,54.2,85.6,1,0,0,2026-09-20T16:15:50.915958+00:00
15,ME2401015,SEM1,1,6.51,61.8,90.9,0,0,0,2025-06-20T16:15:50.915958+00:00
15,ME2401015,SEM2,2,6.89,65.5,89.6,0,0,0,2025-11-18T16:15:50.915958+00:00
15,ME2401015,SEM3,3,8.07,76.7,81.9,0,0,0,2026-04-15T16:15:50.915958+00:00
15,ME2401015,SEM4,4,6.09,57.9,74.2,0,0,0,2026-09-17T16:15:50.915958+00:00
16,ME2401016,SEM1,1,7.38,70.1,78.7,0,0,0,2025-07-02T16:15:50.915958+00:00
16,ME2401016,SEM2,2,6.51,61.8,86.5,0,0,0,2025-12-02T16:15:50.915958+00:00
16,ME2401016,SEM3,3,6.65,63.2,83.2,0,0,0,2026-04-15T16:15:50.915958+00:00
16,ME2401016,SEM4,4,5.93,56.3,75.2,0,0,0,2026-09-26T16:15:50.915958+00:00
17,ME2401017,SEM1,1,7.46,70.9,77.6,0,0,0,2024-08-22T16:15:50.915958+00:00
17,ME2401017,SEM2,2,7.0,66.5,78.8,0,0,0,2025-02-06T16:15:50.915958+00:00
17,ME2401017,SEM3,3,8.33,79.1,90.3,0,0,0,2025-07-05T16:15:50.915958+00:00
17,ME2401017,SEM4,4,7.64,72.6,76.9,0,0,0,2025-11-15T16:15:50.915958+00:00
17,ME2401017,SEM5,5,7.44,70.7,75.2,0,0,0,2026-04-30T16:15:50.915958+00:00
17,ME2401017,SEM6,6,7.63,72.5,62.0,0,0,0,2026-09-14T16:15:50.915958+00:00
18,ME2401018,SEM1,1,6.95,66.0,90.4,0,0,0,2024-09-03T16:15:50.915958+00:00
18,ME2401018,SEM2,2,7.8,74.1,85.2,0,0,0,2025-02-06T16:15:50.915958+00:00
18,ME2401018,SEM3,3,7.34,69.7,74.2,0,0,0,2025-07-03T16:15:50.915958+00:00
18,ME2401018,SEM4,4,6.54,62.1,90.0,0,0,0,2025-11-21T16:15:50.915958+00:00
18,ME2401018,SEM5,5,8.3,78.9,80.2,0,0,0,2026-04-25T16:15:50.915958+00:00
18,ME2401018,SEM6,6,5.14,48.8,68.6,0,0,0,2026-09-18T16:15:50.915958+00:00
19,ME2401019,SEM1,1,8.43,80.1,89.4,0,0,0,2024-08-29T16:15:50.915958+00:00
19,ME2401019,SEM2,2,7.36,69.9,89.3,0,0,0,2025-01-31T16:15:50.915958+00:00
19,ME2401019,SEM3,3,6.65,63.2,80.1,0,0,0,2025-07-06T16:15:50.915958+00:00
19,ME2401019,SEM4,4,8.45,80.3,85.2,0,0,0,2025-12-04T16:15:50.915958+00:00
19,ME2401019,SEM5,5,8.3,78.9,79.8,0,0,0,2026-04-27T16:15:50.915958+00:00
19,ME2401019,SEM6,6,6.58,62.5,74.8,0,0,0,2026-09-21T16:15:50.915958+00:00
20,ME2401020,SEM1,1,6.92,65.7,79.5,0,0,0,2024-09-01T16:15:50.915958+00:00
20,ME2401020,SEM2,2,7.13,67.7,83.8,0,0,0,2025-01-31T16:15:50.915958+00:00
20,ME2401020,SEM3,3,8.61,81.8,88.3,0,0,0,2025-07-01T16:15:50.915958+00:00
20,ME2401020,SEM4,4,8.28,78.7,91.6,0,0,0,2025-11-26T16:15:50.915958+00:00
20,ME2401020,SEM5,5,8.64,82.1,83.6,0,0,0,2026-04-15T16:15:50.915958+00:00
20,ME2401020,SEM6,6,6.84,65.0,74.8,0,0,0,2026-09-24T16:15:50.915958+00:00
21,EC2401021,SEM1,1,7.53,71.5,79.6,0,0,0,2026-09-22T16:15:50.915958+00:00
22,EC2401022,SEM1,1,5.97,56.7,73.4,0,0,0,2026-09-16T16:15:50.915958+00:00
23,EC2401023,SEM1,1,7.0,66.5,87.2,0,0,0,2025-12-04T16:15:50.915958+00:00
23,EC2401023,SEM2,2,8.05,76.5,75.0,0,0,0,2026-04-24T16:15:50.915958+00:00
23,EC2401023,SEM3,3,6.91,65.6,61.5,0,0,0,2026-09-25T16:15:50.915958+00:00
24,EC2401024,SEM1,1,7.69,73.1,78.8,0,0,0,2025-11-28T16:15:50.915958+00:00
24,EC2401024,SEM2,2,6.71,63.7,82.6,0,0,0,2026-04-23T16:15:50.915958+00:00
24,EC2401024,SEM3,3,5.36,50.9,79.2,2,1,0,2026-09-15T16:15:50.915958+00:00
25,EC2401025,SEM1,1,8.18,77.7,74.4,0,0,0,2025-11-26T16:15:50.915958+00:00
25,EC2401025,SEM2,2,7.79,74.0,87.2,0,0,0,2026-04-30T16:15:50.915958+00:00
25,EC2401025,SEM3,3,5.21,49.5,74.6,2,2,0,2026-09-26T16:15:50.915958+00:00
26,EC2401026,SEM1,1,6.56,62.3,88.6,0,0,0,2025-01-28T16:15:50.915958+00:00
26,EC2401026,SEM2,2,6.82,64.8,83.2,0,0,0,2025-06-30T16:15:50.915958+00:00
26,EC2401026,SEM3,3,7.29,69.3,85.3,0,0,0,2025-12-01T16:15:50.915958+00:00
26,EC2401026,SEM4,4,7.38,70.1,77.8,0,0,0,2026-05-03T16:15:50.915958+00:00
26,EC2401026,SEM5,5,6.71,63.7,69.3,0,0,0,2026-09-15T16:15:50.915958+00:00
27,EC2401027,SEM1,1,7.57,71.9,86.6,0,0,0,2025-01-21T16:15:50.915958+00:00
27,EC2401027,SEM2,2,7.82,74.3,82.5,0,0,0,2025-06-18T16:15:50.915958+00:00
27,EC2401027,SEM3,3,6.76,64.2,86.8,0,0,0,2025-11-17T16:15:50.915958+00:00
27,EC2401027,SEM4,4,7.03,66.8,84.8,0,0,0,2026-05-01T16:15:50.915958+00:00
27,EC2401027,SEM5,5,5.74,54.5,58.1,0,0,0,2026-09-18T16:15:50.915958+00:00
28,EC2401028,SEM1,1,8.49,80.7,75.6,0,0,0,2025-02-07T16:15:50.915958+00:00
28,EC2401028,SEM2,2,7.62,72.4,78.8,0,0,0,2025-06-23T16:15:50.915958+00:00
28,EC2401028,SEM3,3,8.44,80.2,84.0,0,0,0,2025-11-16T16:15:50.915958+00:00
28,EC2401028,SEM4,4,6.81,64.7,75.5,0,0,0,2026-04-19T16:15:50.915958+00:00
28,EC2401028,SEM5,5,5.95,56.5,59.8,0,0,0,2026-09-11T16:15:50.915958+00:00
29,EC2401029,SEM1,1,8.34,79.2,75.3,0,0,0,2024-03-26T16:15:50.915958+00:00
29,EC2401029,SEM2,2,7.13,67.7,91.0,0,0,0,2024-08-23T16:15:50.915958+00:00
29,EC2401029,SEM3,3,6.51,61.8,88.5,0,0,0,2025-01-31T16:15:50.915958+00:00
29,EC2401029,SEM4,4,8.51,80.8,85.5,0,0,0,2025-06-20T16:15:50.915958+00:00
29,EC2401029,SEM5,5,7.22,68.6,74.4,0,0,0,2025-11-18T16:15:50.915958+00:00
29,EC2401029,SEM6,6,7.32,69.5,85.0,0,0,0,2026-04-27T16:15:50.915958+00:00
29,EC2401029,SEM7,7,7.18,68.2,65.7,0,0,0,2026-09-30T16:15:50.915958+00:00
30,EC2401030,SEM1,1,7.14,67.8,86.1,0,0,0,2024-04-13T16:15:50.915958+00:00
30,EC2401030,SEM2,2,7.58,72.0,84.7,0,0,0,2024-09-05T16:15:50.915958+00:00
30,EC2401030,SEM3,3,6.58,62.5,88.9,0,0,0,2025-02-05T16:15:50.915958+00:00
30,EC2401030,SEM4,4,6.65,63.2,77.0,0,0,0,2025-06-26T16:15:50.915958+00:00
30,EC2401030,SEM5,5,8.36,79.4,91.9,0,0,0,2025-11-15T16:15:50.915958+00:00
30,EC2401030,SEM6,6,8.05,76.5,87.3,0,0,0,2026-04-26T16:15:50.915958+00:00
30,EC2401030,SEM7,7,5.2,49.4,79.4,3,2,0,2026-09-24T16:15:50.915958+00:00
31,49,SEM1,1,7.33,69.6,91.7,0,0,0,2025-01-27T16:15:50.915958+00:00
31,49,SEM2,2,8.62,81.9,88.1,0,0,0,2025-06-28T16:15:50.915958+00:00
31,49,SEM3,3,8.56,81.3,76.9,0,0,0,2025-12-02T16:15:50.915958+00:00
31,49,SEM4,4,8.53,81.0,86.9,0,0,0,2026-04-25T16:15:50.915958+00:00
31,49,SEM5,5,5.1,48.4,65.0,1,1,0,2026-09-25T16:15:50.915958+00:00
32,DEMO,SEM1,1,7.19,68.3,77.7,0,0,0,2026-09-27T16:15:50.915958+00:00
33,DEMO001,SEM1,1,6.82,64.8,86.7,0,0,0,2026-09-11T16:15:50.915958+00:00
34,DEMO002,SEM1,1,7.88,74.9,71.9,0,0,0,2026-09-17T16:15:50.915958+00:00
